|name        |ra        |dec      |trigger_time           |t90     |flnc_band_phtfluxb|flnc_band_phtfluxb_error|
|GRB081130212|02 16 48.0|+45 24 00|2008-11-30 05:04:40.719|   2.240|      8.689447e-02|            4.491297e-02|
|GRB160228034|02 08 50.4|+39 22 48|2016-02-28 00:48:52.491|  16.128|      1.268135e-01|            1.540816e-02|
|GRB110528624|02 59 09.6|-06 52 12|2011-05-28 14:58:44.300|  69.633|      1.415122e-01|            9.365031e-03|
|GRB130515430|20 51 21.6|-14 57 00|2013-05-15 10:18:30.169|  20.480|      1.563667e-01|            2.365095e-02|
|GRB120922939|15 38 59.5|-20 10 56|2012-09-22 22:32:09.474| 182.275|      1.777879e-01|            8.005178e-03|
|GRB171222684|09 53 06.5|+35 37 38|2017-12-22 16:25:10.542|  80.384|      1.823244e-01|            1.643714e-02|
|GRB130702004|14 29 14.9|+15 46 26|2013-07-02 00:05:23.079|  58.881|      1.843096e-01|            8.703197e-03|
|GRB130903033|05 28 31.2|-00 07 36|2013-09-03 00:47:32.375|  68.608|      1.926277e-01|            2.029505e-02|
|GRB081226156|12 52 00.0|+26 48 00|2008-12-26 03:44:52.415|  83.713|      1.969327e-01|            8.152941e-03|
|GRB100101028|20 29 16.8|-27 00 00|2010-01-01 00:39:49.336|   2.816|      2.058233e-01|            7.684779e-02|
|GRB130925164|02 44 43.9|-26 08 02|2013-09-25 03:56:23.286|   6.400|      2.145017e-01|            3.324770e-02|
|GRB110803783|20 01 40.8|-11 26 24|2011-08-03 18:47:25.428| 186.883|      2.177527e-01|            1.255737e-02|
|GRB170611937|11 34 19.2|-07 22 12|2017-06-11 22:29:35.424|  27.904|      2.268408e-01|            1.590011e-02|
|GRB170402961|20 31 40.8|-45 55 48|2017-04-02 23:03:25.291|  22.528|      2.270559e-01|            5.648081e-02|
|GRB091201089|01 51 21.6|+11 56 24|2009-12-01 02:07:32.948|  12.992|      2.289871e-01|            2.087960e-02|
|GRB140118064|22 04 00.7|-17 56 53|2014-01-18 01:32:07.848|  90.112|      2.406460e-01|            1.780114e-02|
|GRB141122875|18 42 26.4|-52 31 12|2014-11-22 20:59:46.714|  30.720|      2.418497e-01|            1.365709e-02|
|GRB171010875|02 16 29.5|-54 24 36|2017-10-10 20:59:26.476|  25.344|      2.418957e-01|            2.718458e-02|
|GRB170625692|07 06 48.0|-69 21 00|2017-06-25 16:35:47.454|  22.784|      2.429112e-01|            1.614021e-02|
|GRB090629543|00 33 55.2|+17 40 12|2009-06-29 13:01:21.783|  20.480|      2.432622e-01|            5.302507e-02|
|GRB140819160|19 09 57.6|+24 06 00|2014-08-19 03:50:26.135|   6.656|      2.443660e-01|            3.086022e-02|
|GRB080805496|21 30 48.0|+47 54 00|2008-08-05 11:53:50.565|  29.440|      2.512122e-01|            2.095992e-02|
|GRB171024977|14 02 07.2|-68 54 36|2017-10-24 23:27:19.628|  35.072|      2.567650e-01|            3.713078e-02|
|GRB130509839|08 55 26.4|-11 30 36|2013-05-09 20:08:43.355|  31.488|      2.577664e-01|            2.479276e-02|
|GRB131212814|18 14 31.2|+18 06 36|2013-12-12 19:32:29.855|   7.424|      2.618877e-01|            3.390933e-02|
|GRB170906485|02 19 26.4|-62 16 48|2017-09-06 11:38:16.839|  45.568|      2.625392e-01|            6.743698e-01|
|GRB161012214|22 01 16.8|+17 33 36|2016-10-12 05:07:50.896|  11.008|      2.644419e-01|            3.272613e-02|
|GRB130213905|06 36 21.6|-08 06 00|2013-02-13 21:43:55.959|  15.360|      2.669838e-01|            2.809123e-02|
|GRB140627401|04 25 57.6|-16 45 36|2014-06-27 09:37:59.916|   7.424|      2.683405e-01|            3.081401e-02|
|GRB140521184|20 34 55.2|+38 51 36|2014-05-21 04:25:12.143|  46.592|      2.694626e-01|            1.531833e-02|
|GRB110825265|16 45 14.4|-80 16 48|2011-08-25 06:22:11.439|  48.128|      2.696121e-01|            1.987702e-02|
|GRB101004426|15 28 52.8|-43 59 24|2010-10-04 10:13:49.456| 161.027|      2.715954e-01|            1.205060e-02|
|GRB130624093|22 29 16.8|+11 27 00|2013-06-24 02:13:56.084|  13.824|      2.719208e-01|            3.751540e-02|
|GRB170723076|09 03 45.6|-19 26 24|2017-07-23 01:49:10.405|  20.224|      2.720638e-01|            1.832535e-01|
|GRB130909817|13 12 43.2|-20 47 24|2013-09-09 19:36:08.897|  33.792|      2.728037e-01|            6.161882e-02|
|GRB130816074|13 08 33.6|-58 56 43|2013-08-16 01:46:28.515|  36.864|      2.730000e-01|            3.357397e-02|
|GRB150323712|12 50 27.1|+50 11 53|2015-03-23 17:05:09.638|  43.264|      2.738843e-01|            2.179763e-02|
|GRB100315361|13 55 36.0|+30 08 24|2010-03-15 08:39:12.742|  35.584|      2.738958e-01|            2.721544e-02|
|GRB110101506|07 02 00.0|+34 34 48|2011-01-01 12:08:21.576| 235.523|      2.739066e-01|            2.346853e-02|
|GRB150227702|12 41 12.0|-29 55 48|2015-02-27 16:51:29.540|  17.408|      2.755075e-01|            1.195859e-02|
|GRB170302719|13 13 52.8|-03 42 00|2017-03-02 17:15:43.520|  87.808|      2.770857e-01|            1.450717e-02|
|GRB170731751|16 20 50.4|+64 16 48|2017-07-31 18:01:39.750|  90.112|      2.779186e-01|            1.364092e-02|
|GRB101030664|11 05 33.6|-16 23 20|2010-10-30 15:56:30.716|  95.746|      2.791364e-01|            1.481386e-02|
|GRB180102660|13 32 16.3|+62 10 15|2018-01-02 15:49:47.209|  13.312|      2.797796e-01|            4.325343e-02|
|GRB091230260|06 46 07.2|+00 40 48|2009-12-30 06:14:09.359|  62.976|      2.810254e-01|            5.561884e-02|
|GRB090514006|00 49 12.0|-10 54 00|2009-05-14 00:08:39.157|  43.521|      2.822144e-01|            1.191247e-02|
|GRB130623488|01 22 53.5|-77 47 02|2013-06-23 11:42:47.046|  22.272|      2.834593e-01|            2.035461e-02|
|GRB140623224|15 01 53.5|+81 11 29|2014-06-23 05:22:06.601| 111.104|      2.835271e-01|            1.557571e-02|
|GRB140929677|11 49 48.0|-58 38 24|2014-09-29 16:14:45.291|  37.120|      2.852876e-01|            2.259069e-02|
|GRB120920003|01 48 28.8|-26 07 12|2012-09-20 00:04:32.728|  28.160|      2.855390e-01|            3.268095e-02|
|GRB130717734|17 06 21.6|-13 34 12|2013-07-17 17:36:20.111|  55.296|      2.855874e-01|            2.906452e-02|
|GRB100401297|19 23 12.0|-08 18 00|2010-04-01 07:07:32.241|  92.416|      2.855968e-01|            1.748471e-02|
|GRB161005977|15 57 26.4|+11 06 00|2016-10-05 23:26:42.932|  19.456|      2.863036e-01|            2.465460e-02|
|GRB100228544|13 19 19.2|+15 37 12|2010-02-28 13:02:41.283|  67.072|      2.872710e-01|            2.094726e-02|
|GRB140422194|10 58 09.6|-62 37 12|2014-04-22 04:38:45.411| 361.472|      2.879554e-01|            2.875917e-02|
|GRB140710901|13 38 35.0|-58 35 29|2014-07-10 21:37:37.935|  11.520|      2.883779e-01|            2.628153e-02|
|GRB140717827|11 13 55.2|-18 56 24|2014-07-17 19:50:58.982|  80.640|      2.894429e-01|            1.204208e-02|
|GRB130407800|03 34 07.2|+44 10 12|2013-04-07 19:12:43.057|  32.000|      2.899748e-01|            1.765337e-02|
|GRB090824918|03 06 36.0|+59 48 36|2009-08-24 22:02:19.105|  59.905|      2.906818e-01|            2.325744e-02|
|GRB090117640|10 56 00.0|-58 12 00|2009-01-17 15:22:01.055|  15.552|      2.926489e-01|            2.085819e-02|
|GRB180521935|06 48 55.2|+53 17 24|2018-05-21 22:26:57.242|  31.232|      2.930352e-01|            4.406128e-02|
|GRB120504468|21 59 45.6|+46 49 48|2012-05-04 11:13:39.935|  41.985|      2.936497e-01|            1.337697e-02|
|GRB130214137|21 40 04.8|-01 49 48|2013-02-14 03:17:05.663|  96.768|      2.937377e-01|            3.729962e-02|
|GRB110831282|23 29 24.0|+33 39 36|2011-08-31 06:45:26.606|  98.881|      2.942786e-01|            1.256685e-02|
|GRB120713226|10 46 43.2|+40 39 36|2012-07-13 05:25:29.139|  13.824|      2.967663e-01|            3.095327e-02|
|GRB151122709|19 58 49.0|-19 53 56|2015-11-22 17:00:45.006|  51.200|      2.968513e-01|            6.805047e-02|
|GRB160728337|22 28 09.6|+05 46 12|2016-07-28 08:05:13.092|  18.688|      2.986619e-01|            3.835478e-02|
|GRB090422150|19 38 48.0|+40 24 00|2009-04-22 03:35:17.067|   9.216|      2.995715e-01|            3.833415e-02|
|GRB160123095|20 56 52.8|-22 10 48|2016-01-23 02:17:25.583|  37.632|      2.995940e-01|            3.725981e-02|
|GRB141229911|11 20 24.0|+23 03 36|2014-12-29 21:52:10.852|  91.392|      2.999778e-01|            1.283418e-02|
|GRB170821265|16 51 26.4|+19 06 36|2017-08-21 06:22:00.848|  52.992|      3.015097e-01|            1.907480e-02|
|GRB131202633|22 56 13.0|-21 39 46|2013-12-02 15:12:10.851|  19.968|      3.017735e-01|            3.568133e-02|
|GRB131102622|04 56 24.0|-28 00 36|2013-11-02 14:55:44.623|  62.976|      3.031010e-01|            3.134246e-02|
|GRB160519012|04 44 27.1|+31 11 49|2016-05-19 00:17:33.550|  98.560|      3.034232e-01|            2.293747e-02|
|GRB140712706|21 17 07.2|-10 43 12|2014-07-12 16:57:01.352|  28.928|      3.036348e-01|            2.048952e-02|
|GRB130127299|20 04 50.4|-57 12 36|2013-01-27 07:09:53.161|  19.456|      3.039545e-01|            2.616862e-02|
|GRB080714425|12 30 00.0|-74 00 00|2008-07-14 10:12:01.838|  40.192|      3.040148e-01|            2.910349e-02|
|GRB150710646|08 55 31.2|+48 54 00|2015-07-10 15:30:21.562|  33.280|      3.048835e-01|            2.197740e-02|
|GRB140404030|00 59 33.6|+78 53 24|2014-04-04 00:43:26.090|  84.992|      3.055783e-01|            2.621806e-02|
|GRB180522607|20 00 24.0|-16 31 48|2018-05-22 14:34:38.668|   6.912|      3.079213e-01|            1.998844e-02|
|GRB140113183|05 02 31.2|+03 10 48|2014-01-13 04:23:55.474|  68.864|      3.088452e-01|            2.172659e-02|
|GRB150422294|10 24 04.8|-53 33 36|2015-04-22 07:03:30.584|  30.208|      3.089282e-01|            1.758053e-02|
|GRB140919636|14 46 09.1|-33 10 33|2014-09-19 15:15:13.536| 108.546|      3.094892e-01|                        |
|GRB180516229|17 51 33.6|-28 45 00|2018-05-16 05:29:47.141|  13.824|      3.097063e-01|            1.788618e-02|
|GRB100718160|08 07 19.2|-46 10 48|2010-07-18 03:50:09.607|  32.641|      3.101811e-01|            1.609464e-02|
|GRB100313509|12 25 28.8|+11 43 12|2010-03-13 12:12:17.294|  34.048|      3.103142e-01|            1.587244e-02|
|GRB151114645|04 08 33.6|-47 54 00|2015-11-14 15:28:24.519|  34.816|      3.108468e-01|            5.073325e-02|
|GRB091231540|16 05 02.4|+03 17 24|2009-12-31 12:57:48.581|  15.616|      3.115912e-01|            2.982696e-02|
|GRB161228388|17 22 40.8|-56 03 36|2016-12-28 09:19:13.223|  72.704|      3.131634e-01|            1.665035e-02|
|GRB090820509|21 13 02.4|-18 34 48|2009-08-20 12:13:16.700|  15.296|      3.132432e-01|            2.328821e-02|
|GRB170520202|16 18 09.6|-05 17 24|2017-05-20 04:51:12.700|   6.144|      3.134202e-01|            4.055806e-02|
|GRB150106921|02 43 19.2|+00 18 36|2015-01-06 22:05:56.248|  79.872|      3.143637e-01|            4.142799e-01|
|GRB130702951|19 28 38.4|+10 23 24|2013-07-02 22:48:59.526|  16.384|      3.144228e-01|            3.937891e-02|
|GRB141112539|01 09 36.0|-45 48 36|2014-11-12 12:56:16.216| 335.876|      3.148877e-01|            2.283915e-02|
|GRB120521380|13 08 03.8|-52 44 31|2012-05-21 09:07:52.386|  91.134|      3.149188e-01|            2.246375e-02|
|GRB150908408|10 28 31.2|-46 25 48|2015-09-08 09:46:58.521|  60.928|      3.154946e-01|            1.400222e-02|
|GRB160310291|16 22 21.6|-34 01 48|2016-03-10 06:59:11.550|  23.613|      3.163556e-01|            2.116866e-02|
|GRB090815300|02 44 07.2|-02 43 48|2009-08-15 07:12:12.448|  48.385|      3.168154e-01|            2.966080e-02|
|GRB100307928|08 37 40.8|+32 58 12|2010-03-07 22:16:30.227|  16.128|      3.171161e-01|            2.359614e-02|
|GRB150318521|17 56 12.0|-30 13 12|2015-03-18 12:29:53.024|  94.720|      3.203767e-01|            1.726393e-02|
|GRB100727238|10 16 39.8|-21 21 50|2010-07-27 05:42:21.998|  23.808|      3.206210e-01|            2.788600e-02|
|GRB130831058|17 49 48.0|+61 01 48|2013-08-31 01:24:13.793|  24.832|      3.210915e-01|            2.618954e-02|
|GRB130907760|15 46 31.2|-25 06 00|2013-09-07 18:14:46.587|   3.136|      3.211983e-01|            9.163327e-02|
|GRB111203609|16 11 19.2|-22 09 00|2011-12-03 14:36:45.379|  22.016|      3.212185e-01|            3.117442e-02|
|GRB140219824|10 32 48.0|+07 12 00|2014-02-19 19:46:32.241|  77.056|      3.216758e-01|            2.092559e-02|
|GRB140320092|18 47 26.4|-11 10 12|2014-03-20 02:12:46.113|   2.304|      3.220682e-01|            6.930184e-02|
|GRB180116026|14 22 37.2|+18 57 32|2018-01-16 00:36:52.807|  59.904|      3.228506e-01|            2.327814e-02|
|GRB130318456|13 22 57.6|+08 07 12|2013-03-18 10:56:31.179| 121.088|      3.234042e-01|            1.962846e-02|
|GRB150127935|20 02 43.2|+32 39 36|2015-01-27 22:26:38.543|  84.224|      3.236721e-01|            2.691452e-02|
|GRB150216415|08 02 43.2|-09 31 12|2015-02-16 09:57:57.462|  33.792|      3.243696e-01|            1.885642e-02|
|GRB120105584|13 34 45.6|+40 04 12|2012-01-05 14:00:35.901|  22.528|      3.248343e-01|            1.833434e-02|
|GRB110426629|14 39 43.2|-08 43 12|2011-04-26 15:06:26.613| 356.357|      3.251911e-01|            3.076681e-03|
|GRB120608777|20 53 02.4|+12 38 24|2012-06-08 18:38:33.035|  24.832|      3.270398e-01|            1.601921e-02|
|GRB130908677|14 36 38.4|-07 12 00|2013-09-08 16:14:23.342|  66.048|      3.278037e-01|            4.145885e-02|
|GRB090708152|10 18 31.0|+26 38 13|2009-07-08 03:38:18.457|  21.248|      3.288701e-01|            2.751865e-02|
|GRB100112418|16 00 33.6|-75 06 00|2010-01-12 10:01:17.555|  23.040|      3.289500e-01|            3.986338e-02|
|GRB150326542|22 04 31.2|-19 39 00|2015-03-26 13:00:35.198|   4.096|      3.295082e-01|            1.815892e-02|
|GRB090623913|02 46 48.0|+01 48 00|2009-06-23 21:54:25.113|   7.168|      3.295104e-01|            1.174360e-02|
|GRB150724398|10 42 26.4|+27 03 00|2015-07-24 09:32:37.713|  37.376|      3.315487e-01|            1.943301e-02|
|GRB101112984|06 40 24.0|+09 37 12|2010-11-12 23:36:55.811|  82.944|      3.340237e-01|            1.433598e-02|
|GRB110128073|12 55 36.0|+28 06 00|2011-01-28 01:44:36.439|  12.160|      3.342945e-01|                        |
|GRB170323058|09 40 45.6|-39 00 00|2017-03-23 01:23:23.269|  33.536|      3.350379e-01|            2.571429e-02|
|GRB100614498|14 59 02.4|+40 52 12|2010-06-14 11:57:23.306| 172.291|      3.357468e-01|            1.213768e-02|
|GRB180411546|18 56 31.2|-33 22 48|2018-04-11 13:06:53.793|  29.696|      3.362994e-01|            2.832561e-02|
|GRB140918379|23 44 43.2|-00 32 24|2014-09-18 09:06:01.076| 165.632|      3.386767e-01|            2.789940e-02|
|GRB110321346|00 53 14.4|-21 48 36|2011-03-21 08:17:42.485|  30.720|      3.387594e-01|            2.821441e-02|
|GRB140218427|23 09 55.2|+44 32 24|2014-02-18 10:14:29.328|  53.505|      3.397870e-01|            1.623544e-02|
|GRB170911267|04 48 24.0|+30 54 50|2017-09-11 06:24:22.794|  19.968|      3.403965e-01|            2.890091e-02|
|GRB120611108|21 38 43.2|-44 47 24|2012-06-11 02:36:00.521|  49.921|      3.407718e-01|            1.378298e-02|
|GRB111201599|12 21 52.8|+28 36 36|2011-12-01 14:22:45.260|  16.896|      3.407930e-01|            2.158550e-02|
|GRB130612141|17 19 13.0|+16 42 22|2013-06-12 03:22:23.361|   7.424|      3.429043e-01|            3.833475e-02|
|GRB100210101|16 17 31.2|+16 04 48|2010-02-10 02:24:49.468|  29.184|      3.431880e-01|            2.076733e-02|
|GRB160104475|05 07 11.2|+11 19 26|2016-01-04 11:24:13.220|   8.704|      3.433301e-01|            3.105287e-02|
|GRB170723882|14 10 19.2|+39 49 48|2017-07-23 21:10:18.252|   5.376|      3.440793e-01|                        |
|GRB151210041|19 35 52.8|-42 42 00|2015-12-10 00:59:16.643|  37.633|      3.444811e-01|            1.392690e-02|
|GRB100811781|07 12 33.6|+62 11 24|2010-08-11 18:44:09.297|  78.080|      3.452644e-01|            1.992544e-02|
|GRB150603105|04 59 04.8|-37 52 12|2015-06-03 02:31:47.500|  67.328|      3.456227e-01|            2.418306e-02|
|GRB120513531|09 23 09.6|+74 59 24|2012-05-13 12:44:00.465|  23.808|      3.457599e-01|            2.913584e-02|
|GRB160303971|20 08 48.0|-65 40 48|2016-03-03 23:18:32.560|  27.136|      3.462741e-01|            2.212593e-02|
|GRB171025913|22 32 57.6|-61 31 12|2017-10-25 21:54:53.011|   7.936|      3.466734e-01|            4.989109e-02|
|GRB170307851|00 54 08.4|+09 32 13|2017-03-07 20:25:17.495|  28.416|      3.468408e-01|            3.226816e-02|
|GRB120118709|08 19 27.8|-07 10 55|2012-01-18 17:00:22.944|  37.825|      3.473027e-01|            1.780535e-02|
|GRB170715878|19 08 52.8|-16 36 36|2017-07-15 21:04:13.314|  12.800|      3.476308e-01|            3.519104e-02|
|GRB110820476|06 02 02.4|+21 37 48|2011-08-20 11:25:44.348|  11.264|      3.482941e-01|            3.307341e-02|
|GRB110130230|07 26 02.4|+38 15 00|2011-01-30 05:31:52.582|  47.360|      3.484071e-01|            1.788687e-02|
|GRB160315739|21 19 38.4|-22 06 36|2016-03-15 17:44:50.341|   3.328|      3.486030e-01|            5.398470e-02|
|GRB140426515|11 37 57.6|-13 57 00|2014-04-26 12:21:32.740|  37.568|      3.486640e-01|            3.273550e-02|
|GRB080928628|06 20 24.0|-55 12 00|2008-09-28 15:04:56.048|  14.336|      3.487749e-01|            2.103568e-02|
|GRB100111176|16 28 11.5|+15 33 03|2010-01-11 04:12:49.695|  19.520|      3.491341e-01|            2.510479e-02|
|GRB100225249|23 31 24.0|+15 01 48|2010-02-25 05:59:05.472|  32.000|      3.495607e-01|            5.105883e-02|
|GRB170119228|07 26 26.4|+50 25 12|2017-01-19 05:27:51.738|  28.928|      3.502639e-01|            1.504248e-02|
|GRB170616047|08 48 50.4|-03 53 24|2017-06-16 01:07:42.906|   9.216|      3.504637e-01|            1.457832e-01|
|GRB161119633|03 08 45.6|-47 12 36|2016-11-19 15:11:06.403|  77.824|      3.509128e-01|            1.514820e-02|
|GRB130114019|20 40 45.6|-15 19 12|2013-01-14 00:27:04.549|   8.704|      3.511172e-01|            2.402192e-02|
|GRB161012416|00 01 04.8|+13 34 48|2016-10-12 09:58:23.072|  44.288|      3.513101e-01|            2.512079e-02|
|GRB160323293|02 13 55.2|+31 57 00|2016-03-23 07:02:01.598|  25.088|      3.514220e-01|            4.153930e-02|
|GRB110921444|00 24 21.6|-05 49 48|2011-09-21 10:38:48.202| 149.507|      3.515549e-01|            1.509454e-02|
|GRB170723677|01 28 16.8|+62 40 48|2017-07-23 16:15:27.855|  20.992|      3.517948e-01|            1.587604e-01|
|GRB150520893|08 34 07.2|-01 37 48|2015-05-20 21:25:34.190|  15.616|      3.520515e-01|            3.487464e-02|
|GRB110901230|09 25 07.2|-15 47 24|2011-09-01 05:31:44.058|  22.528|      3.525473e-01|            2.091465e-02|
|GRB150428305|16 09 19.2|+69 30 36|2015-04-28 07:19:02.950|  32.512|      3.525969e-01|            1.808143e-02|
|GRB131030653|04 05 48.0|-62 48 00|2013-10-30 15:40:25.756|  53.248|      3.531315e-01|            2.210742e-02|
|GRB100517243|00 41 45.6|+04 25 48|2010-05-17 05:49:52.102|  29.633|      3.540380e-01|            3.289649e-02|
|GRB111018785|08 16 43.2|+81 17 24|2011-10-18 18:50:14.710|  29.697|      3.542068e-01|            2.984543e-02|
|GRB180712651|20 10 19.2|-20 19 48|2018-07-12 15:38:02.457|  54.272|      3.542178e-01|            3.584890e-02|
|GRB140907429|10 55 16.8|-27 00 00|2014-09-07 10:18:16.890|  27.392|      3.542223e-01|            4.142615e-02|
|GRB130730243|08 55 00.0|-60 21 36|2013-07-30 05:50:19.742|  27.904|      3.545943e-01|            2.340436e-02|
|GRB110228792|16 20 21.6|+16 24 36|2011-02-28 18:59:50.391|  17.152|      3.557815e-01|            3.382883e-02|
|GRB110531448|12 42 02.4|+11 51 00|2011-05-31 10:45:10.560|  38.656|      3.561663e-01|            1.829058e-02|
|GRB110410772|22 28 40.8|-21 57 36|2011-04-10 18:31:19.881|   7.424|      3.566591e-01|            3.326360e-02|
|GRB091117080|16 26 09.6|-73 56 24|2009-11-17 01:55:24.897| 113.664|      3.567842e-01|            2.209749e-02|
|GRB140204547|11 04 26.4|+62 31 48|2014-02-04 13:07:02.560|  71.168|      3.571244e-01|            2.311205e-02|
|GRB110921577|19 36 18.7|+36 22 37|2011-09-21 13:51:22.571|  40.705|      3.572226e-01|            1.543545e-02|
|GRB180211754|13 31 26.4|+33 31 48|2018-02-11 18:06:28.420|  20.480|      3.576286e-01|            2.471840e-02|
|GRB091013989|16 16 07.2|-12 45 36|2009-10-13 23:44:25.830|  38.400|      3.577083e-01|            2.402495e-02|
|GRB110322558|06 36 09.6|-48 54 00|2011-03-22 13:23:42.813|  36.097|      3.577408e-01|            1.464323e-02|
|GRB150613420|07 04 31.2|-00 27 36|2015-06-13 10:04:25.008|  27.392|      3.578114e-01|            1.798324e-02|
|GRB180528465|13 45 50.4|+30 10 48|2018-05-28 11:09:49.032|   8.192|      3.582670e-01|            4.239888e-02|
|GRB100417789|19 43 14.4|+09 50 24|2010-04-17 18:55:40.286|  52.545|      3.595439e-01|            4.090010e-02|
|GRB170614505|20 43 57.6|-37 54 36|2017-06-14 12:06:38.716|   5.376|      3.600433e-01|            5.054368e-02|
|GRB080805584|11 38 00.0|-23 06 00|2008-08-05 14:01:06.244|  65.665|      3.604793e-01|            2.110709e-02|
|GRB170125022|17 36 33.6|+28 34 48|2017-01-25 00:31:13.704|   3.904|      3.604872e-01|            5.002236e-02|
|GRB160406023|15 15 45.6|+15 43 12|2016-04-06 00:32:44.666|  23.040|      3.611426e-01|            1.877975e-02|
|GRB100926694|02 54 19.2|-11 06 00|2010-09-26 16:39:54.516|  37.888|      3.617896e-01|            3.134089e-02|
|GRB140516700|07 40 38.4|+04 17 24|2014-05-16 16:47:38.662|  38.144|      3.620745e-01|            2.330095e-02|
|GRB121202181|17 07 15.6|+23 57 07|2012-12-02 04:20:09.172|  17.152|      3.627887e-01|            2.438374e-02|
|GRB161111197|13 54 24.0|+32 36 00|2016-11-11 04:43:10.460| 118.528|      3.628551e-01|            1.600471e-02|
|GRB141223240|09 49 31.2|-20 42 36|2014-12-23 05:45:37.970|  94.208|      3.628776e-01|            3.687181e-02|
|GRB090608052|06 40 45.6|-37 24 36|2009-06-08 01:15:26.598|  21.504|      3.637696e-01|            2.423888e-02|
|GRB151205657|15 17 07.7|+35 46 08|2015-12-05 15:46:01.901|  56.320|      3.640569e-01|                        |
|GRB130206817|09 21 30.0|-58 09 36|2013-02-06 19:36:30.452|  91.585|      3.650565e-01|            2.280094e-02|
|GRB150303516|07 39 14.4|-05 32 24|2015-03-03 12:22:51.372|   4.864|      3.661546e-01|            4.383463e-02|
|GRB110107886|19 56 31.2|+42 02 24|2011-01-07 21:15:51.799| 183.555|      3.667323e-01|            8.741717e-03|
|GRB081225257|15 36 24.0|-64 36 00|2008-12-25 06:09:21.343|  41.217|      3.675989e-01|            1.688452e-02|
|GRB100608382|02 02 09.6|+20 27 00|2010-06-08 09:10:06.339|  30.208|      3.695703e-01|            2.265018e-02|
|GRB081206604|23 33 12.0|-31 54 00|2008-12-06 14:29:30.693|   7.936|      3.695712e-01|            4.820962e-02|
|GRB160222070|20 38 19.2|-23 46 12|2016-02-22 01:41:23.835|  18.176|      3.702290e-01|            2.797702e-02|
|GRB151009949|14 48 00.0|+63 42 36|2015-10-09 22:47:03.449|  18.944|      3.709166e-01|            4.329766e-02|
|GRB160623209|21 00 57.6|+42 16 12|2016-06-23 05:00:34.226| 107.776|      3.709956e-01|            2.568265e-02|
|GRB150723608|09 59 26.4|-12 55 48|2015-07-23 14:35:14.137|  33.024|      3.711393e-01|            1.928606e-02|
|GRB170616165|03 18 02.4|+19 40 12|2017-06-16 03:58:07.483|  56.320|      3.713901e-01|            4.297693e-02|
|GRB100715477|19 57 04.8|-54 42 36|2010-07-15 11:27:17.640|  14.848|      3.723122e-01|            2.278735e-02|
|GRB090306245|09 08 00.0|+57 00 00|2009-03-06 05:52:05.345|  27.904|      3.725414e-01|            2.845221e-02|
|GRB160921087|17 07 48.0|-22 40 48|2016-09-21 02:05:12.252|  48.897|      3.726868e-01|            1.771042e-02|
|GRB100218194|13 46 33.6|-11 56 24|2010-02-18 04:38:45.933|  29.185|      3.729438e-01|            2.133826e-02|
|GRB150203173|06 33 35.8|+06 57 12|2015-02-03 04:09:10.063|  25.600|      3.738352e-01|            3.566114e-02|
|GRB140709637|09 44 17.0|+63 30 18|2014-07-09 15:17:52.853| 156.416|      3.742700e-01|            1.215853e-02|
|GRB120109824|16 45 19.2|+30 48 00|2012-01-09 19:46:01.942|  38.656|      3.744157e-01|            3.216567e-02|
|GRB160922856|23 12 26.4|+43 34 12|2016-09-22 20:32:28.476|  20.736|      3.745459e-01|            3.568952e-02|
|GRB150110923|19 17 26.4|+32 31 19|2015-01-10 22:08:31.910|   2.560|      3.750199e-01|            3.481795e-02|
|GRB120604343|07 34 19.2|-02 47 24|2012-06-04 08:13:40.158|  12.032|      3.754012e-01|            2.623933e-02|
|GRB170302876|00 47 48.0|+06 24 36|2017-03-02 21:01:14.165|  89.856|      3.754908e-01|            1.706255e-02|
|GRB100325246|13 56 33.6|-79 06 00|2010-03-25 05:54:43.949|   8.192|      3.755748e-01|            3.189506e-02|
|GRB110730008|17 32 19.2|-22 46 48|2011-07-30 00:11:54.743|  28.416|      3.758689e-01|            4.138453e-02|
|GRB101010190|03 08 45.6|+43 33 36|2010-10-10 04:33:46.830|  65.025|      3.762670e-01|            3.054362e-02|
|GRB161012637|10 41 43.2|-74 16 48|2016-10-12 15:17:14.854|   6.400|      3.764536e-01|            3.966803e-02|
|GRB130305526|04 53 16.8|-01 33 36|2013-03-05 12:37:47.722| 118.528|      3.765034e-01|            2.632363e-02|
|GRB120913846|09 45 44.9|+26 58 37|2012-09-13 20:18:22.887|  33.792|      3.771353e-01|            4.009435e-02|
|GRB100221368|01 48 28.8|-17 24 36|2010-02-21 08:50:26.486|  23.552|      3.771353e-01|            2.121146e-02|
|GRB171017823|12 21 21.6|+38 54 00|2017-10-17 19:44:43.232|  86.272|      3.777154e-01|            1.245659e-02|
|GRB090712160|04 40 23.3|+22 31 30|2009-07-12 03:51:00.341|  94.722|      3.779199e-01|            1.543731e-02|
|GRB160512536|13 50 12.0|+53 15 36|2016-05-12 12:52:09.526| 104.448|      3.783624e-01|            1.674284e-02|
|GRB090701225|07 38 45.6|-42 04 12|2009-07-01 05:23:55.844|   4.160|      3.786546e-01|            3.559154e-02|
|GRB090815946|16 45 02.4|+52 55 48|2009-08-15 22:41:46.600| 245.508|      3.790986e-01|            2.274013e-02|
|GRB180410336|06 23 49.7|+12 48 40|2018-04-10 08:03:27.792| 102.402|      3.791464e-01|            5.655321e-02|
|GRB130418844|14 26 07.2|-17 32 24|2013-04-18 20:14:45.486| 169.472|      3.791944e-01|            1.674348e-02|
|GRB160731024|07 54 50.4|+06 09 00|2016-07-31 00:35:06.874|  28.672|      3.810583e-01|            2.469451e-02|
|GRB160416022|11 46 28.8|-49 28 48|2016-04-16 00:31:35.680|  26.621|      3.813174e-01|            1.408568e-02|
|GRB090307167|11 30 48.0|-23 54 00|2009-03-07 03:59:57.249|  29.440|      3.818013e-01|            4.330709e-02|
|GRB180614327|03 28 52.8|-75 10 12|2018-06-14 07:51:04.121|   9.216|      3.819704e-01|            3.249524e-02|
|GRB090423330|09 54 48.0|+18 06 00|2009-04-23 07:55:25.394|   7.168|      3.832395e-01|            3.936966e-02|
|GRB141122956|05 02 50.4|+17 56 24|2014-11-22 22:56:28.654|   4.096|      3.841412e-01|            5.372243e-02|
|GRB101002279|21 33 24.0|-27 28 12|2010-10-02 06:41:26.946|   7.168|      3.844378e-01|            4.027592e-02|
|GRB110302043|08 09 24.0|+02 54 36|2011-03-02 01:01:51.732|  38.336|      3.845048e-01|            1.636362e-02|
|GRB090823133|03 18 07.2|-17 34 48|2009-08-23 03:10:53.764|  58.113|      3.845553e-01|            2.997745e-02|
|GRB160925221|23 13 28.8|-20 25 12|2016-09-25 05:18:56.451|  50.944|      3.848211e-01|            2.565376e-02|
|GRB130623396|13 34 21.6|+49 01 48|2013-06-23 09:30:24.065|  44.544|      3.850320e-01|            4.780486e-02|
|GRB121231445|22 21 52.8|-17 46 48|2012-12-31 10:41:23.249|  32.768|      3.853589e-01|            2.022677e-02|
|GRB120429484|08 52 09.6|-32 13 48|2012-04-29 11:37:03.736|  15.360|      3.854119e-01|            2.424870e-02|
|GRB100207721|21 27 07.2|-15 46 48|2010-02-07 17:18:29.724|  17.728|      3.860837e-01|            5.119837e-02|
|GRB170130697|19 45 33.6|-80 27 00|2017-01-30 16:43:13.296|  29.184|      3.865156e-01|            3.892795e-02|
|GRB080806896|16 07 12.0|+46 42 00|2008-08-06 21:29:40.824|  75.777|      3.872219e-01|            1.119172e-02|
|GRB141208038|15 56 38.4|+10 58 12|2014-12-08 00:55:02.978|  14.336|      3.874098e-01|            3.395106e-02|
|GRB080808772|06 26 48.0|-14 24 00|2008-08-08 18:31:39.736| 210.178|      3.874531e-01|            4.877298e-02|
|GRB080804456|07 10 00.0|+20 18 00|2008-08-04 10:56:07.159| 521.862|      3.876790e-01|            1.958067e-02|
|GRB150424403|12 11 02.2|-16 12 43|2015-04-24 09:39:59.679|  36.096|      3.878776e-01|            2.030468e-02|
|GRB100318611|14 03 50.4|+21 11 24|2010-03-18 14:39:24.605|  18.432|      3.883843e-01|            3.013662e-02|
|GRB100228873|07 51 57.6|+18 37 48|2010-02-28 20:57:47.668|   8.704|      3.889005e-01|            2.808930e-02|
|GRB090126227|12 36 48.0|+34 06 00|2009-01-26 05:26:22.234|   5.632|      3.889262e-01|            2.990768e-02|
|GRB161205561|21 15 55.2|+47 39 00|2016-12-05 13:27:18.269|  33.536|      3.892323e-01|            1.596701e-02|
|GRB161007009|08 38 26.4|+07 48 36|2016-10-07 00:13:21.732|  30.720|      3.895601e-01|            4.132083e-02|
|GRB110511616|14 16 24.0|-45 25 12|2011-05-11 14:47:12.696|   5.888|      3.905230e-01|            3.518098e-02|
|GRB180712358|08 33 48.0|-12 48 36|2018-07-12 08:35:42.435|  37.120|      3.905420e-01|            3.728725e-02|
|GRB150411026|22 51 00.0|+28 23 24|2015-04-11 00:37:49.347|  15.360|      3.913497e-01|            4.642614e-02|
|GRB140610689|19 05 02.4|+03 54 25|2014-06-10 16:31:28.584| 134.144|      3.919449e-01|            1.413052e-02|
|GRB171020813|15 38 24.0|-70 09 36|2017-10-20 19:30:32.606|  19.200|      3.925365e-01|            3.419843e-02|
|GRB120312671|16 47 14.9|+23 52 52|2012-03-12 16:06:29.667|  13.312|      3.929819e-01|            3.701893e-02|
|GRB150820880|17 14 36.0|-48 19 48|2015-08-20 21:07:15.642|   5.888|      3.935978e-01|            4.589333e-02|
|GRB140818781|18 04 35.5|-01 21 40|2014-08-18 18:44:15.703|  20.992|      3.939576e-01|            3.746375e-02|
|GRB150418819|20 49 43.2|-43 31 48|2015-04-18 19:39:29.422|   3.840|      3.941844e-01|            3.926606e-02|
|GRB130716352|23 15 28.8|+45 20 24|2013-07-16 08:26:19.203|  91.136|      3.942944e-01|            2.798024e-02|
|GRB090621185|00 44 04.8|+61 56 28|2009-06-21 04:26:34.488| 106.754|      3.950000e-01|            1.178766e-02|
|GRB160924253|06 28 28.8|+71 19 12|2016-09-24 06:04:09.039|  74.496|      3.951976e-01|            4.207198e-02|
|GRB150508945|03 03 43.2|-52 27 00|2015-05-08 22:40:42.825| 113.920|      3.957109e-01|            2.235567e-02|
|GRB090815438|01 25 40.8|+53 26 24|2009-08-15 10:30:41.849|  30.465|      3.957126e-01|            2.170963e-02|
|GRB080912360|01 43 12.0|-07 12 00|2008-09-12 08:38:55.939|  16.384|      3.958304e-01|            2.195225e-02|
|GRB081206987|03 37 12.0|-08 36 00|2008-12-06 23:41:50.469|  22.528|      3.959712e-01|            3.690928e-02|
|GRB100831651|10 45 02.4|+33 39 00|2010-08-31 15:37:25.943|  40.193|      3.962772e-01|            4.038829e-02|
|GRB111203054|03 32 52.8|+33 28 12|2011-12-03 01:17:04.033|  55.553|      3.962938e-01|            1.473414e-02|
|GRB150830128|13 49 00.0|-47 46 48|2015-08-30 03:04:32.625|  44.801|      3.967430e-01|            1.740012e-02|
|GRB151014592|00 01 33.6|+55 04 12|2015-10-14 14:13:03.581|  34.304|      3.968006e-01|            2.164057e-02|
|GRB130610133|14 57 40.8|+28 12 36|2013-06-10 03:12:10.502|  21.760|      3.972133e-01|            1.799082e-02|
|GRB170310417|14 33 14.4|+53 58 48|2017-03-10 09:59:50.544|  13.568|      3.975352e-01|            3.223088e-02|
|GRB141005535|17 49 09.6|-01 05 24|2014-10-05 12:49:57.621|  11.264|      3.980376e-01|            4.759636e-02|
|GRB160226913|06 09 12.0|-02 52 12|2016-02-26 21:54:21.280| 105.472|      3.980596e-01|            1.471861e-02|
|GRB140705539|10 55 26.4|+56 58 12|2014-07-05 12:55:28.740|  26.880|      3.982865e-01|            2.013962e-02|
|GRB150522433|19 17 16.8|-39 40 12|2015-05-22 10:23:50.241|  43.776|      3.991469e-01|            2.594600e-02|
|GRB090912660|12 32 09.6|+61 28 48|2009-09-12 15:50:29.103| 150.787|      3.994876e-01|            1.599467e-02|
|GRB080818579|04 01 36.0|-06 54 00|2008-08-18 13:54:24.840|  59.329|      3.998860e-01|            1.844621e-02|
|GRB130609129|10 10 42.2|+24 06 04|2013-06-09 03:05:10.690|   5.376|      4.001287e-01|            3.294747e-02|
|GRB160104918|18 41 43.2|-08 20 24|2016-01-04 22:01:26.729|  44.288|      4.001725e-01|            1.996662e-02|
|GRB131029990|07 21 07.2|-01 22 12|2013-10-29 23:45:53.933|  50.944|      4.006769e-01|            2.077403e-02|
|GRB120219563|18 19 24.0|-31 06 36|2012-02-19 13:31:23.110|   8.128|      4.009141e-01|            3.777048e-02|
|GRB080719529|10 12 48.0|-61 18 00|2008-07-19 12:41:40.958|  16.128|      4.011364e-01|            2.751430e-02|
|GRB130403866|13 19 36.0|-46 40 48|2013-04-03 20:46:47.410|  22.784|      4.023787e-01|            5.095006e-02|
|GRB140706815|03 17 10.8|-38 03 03|2014-07-06 19:33:33.864|  43.776|      4.028002e-01|            2.214204e-02|
|GRB090703329|00 03 04.8|+09 40 48|2009-07-03 07:54:02.477|   8.960|      4.033726e-01|            3.185304e-02|
|GRB180610377|13 42 04.8|-36 52 12|2018-06-10 09:03:13.182| 163.331|      4.034067e-01|            1.180827e-02|
|GRB131127480|03 17 36.0|-05 40 12|2013-11-27 11:31:00.589|  59.648|      4.035714e-01|            1.607316e-02|
|GRB160909061|16 10 43.2|-51 09 36|2016-09-09 01:27:56.360|  18.432|      4.037163e-01|            2.045224e-02|
|GRB121117018|18 36 33.6|+44 55 48|2012-11-17 00:25:37.726| 331.782|      4.041152e-01|            1.457970e-02|
|GRB170110967|03 18 28.8|+12 03 00|2017-01-10 23:12:51.030|  34.048|      4.041828e-01|            3.104928e-02|
|GRB160503567|00 02 09.6|-01 55 48|2016-05-03 13:36:32.008|  28.672|      4.043046e-01|            2.534715e-02|
|GRB101224578|19 16 33.6|-55 15 00|2010-12-24 13:52:58.224|  44.737|      4.043426e-01|            1.581267e-02|
|GRB150603823|18 17 48.0|-18 42 36|2015-06-03 19:45:40.512| 102.144|      4.048351e-01|            2.110992e-02|
|GRB140526449|08 44 55.2|-04 09 00|2014-05-26 10:47:04.839|  79.104|      4.052056e-01|            1.200789e-02|
|GRB121210081|13 30 09.6|+17 46 12|2012-12-10 01:56:01.527|  12.800|      4.052616e-01|            3.695230e-02|
|GRB120702891|15 11 12.0|+36 45 36|2012-07-02 21:23:19.171|  35.073|      4.059168e-01|            2.975396e-02|
|GRB140713780|18 44 27.4|+59 37 30|2014-07-13 18:43:45.303|   5.376|      4.059862e-01|            3.586999e-02|
|GRB090502777|17 51 12.0|-20 18 00|2009-05-02 18:39:34.648|  66.048|      4.066923e-01|            1.963603e-02|
|GRB090807832|21 47 36.0|+07 13 48|2009-08-07 19:57:59.017|  17.920|      4.069814e-01|            3.627404e-02|
|GRB161228405|23 53 40.8|-24 36 00|2016-12-28 09:43:25.579|  50.176|      4.073699e-01|            2.281158e-02|
|GRB130906222|12 56 26.4|+04 12 00|2013-09-06 05:19:30.538|  11.264|      4.074012e-01|            3.741376e-02|
|GRB140628626|15 04 07.2|-25 49 48|2014-06-28 15:01:36.122|  12.544|      4.075938e-01|            2.896027e-02|
|GRB100902990|20 24 09.6|+42 18 36|2010-09-02 23:45:19.223|  22.272|      4.080462e-01|            2.364369e-02|
|GRB140429975|22 34 24.0|+34 51 00|2014-04-29 23:24:41.786|   9.216|      4.083961e-01|            4.311736e-02|
|GRB100201588|07 42 40.8|-54 21 00|2010-02-01 14:06:17.505| 141.059|      4.086317e-01|            1.026629e-02|
|GRB141110232|16 52 31.2|-34 05 24|2014-11-10 05:33:23.557|  36.608|      4.090212e-01|            1.885893e-02|
|GRB101102840|18 58 43.2|-37 01 48|2010-11-02 20:10:07.430|  43.520|      4.092015e-01|            2.579222e-02|
|GRB140217043|23 57 33.6|+76 45 00|2014-02-17 01:01:41.999|  27.136|      4.092127e-01|            2.324445e-02|
|GRB110609425|21 10 31.2|-38 09 36|2011-06-09 10:12:06.164|  33.024|      4.092613e-01|            2.159444e-02|
|GRB090621447|00 49 04.8|-22 34 48|2009-06-21 10:43:45.145|  26.112|      4.094133e-01|            2.266370e-02|
|GRB161009651|07 27 19.2|+12 33 00|2016-10-09 15:38:07.192|  92.160|      4.097726e-01|            1.471006e-02|
|GRB090519881|09 29 07.2|+00 10 48|2009-05-19 21:08:45.873|  74.177|      4.111222e-01|            2.526372e-02|
|GRB100306199|14 24 09.6|-29 22 12|2010-03-06 04:46:25.742|   7.168|      4.112349e-01|                        |
|GRB120817057|17 19 52.8|-09 04 12|2012-08-17 01:22:09.775|  36.864|      4.112429e-01|            5.454877e-02|
|GRB140113624|21 57 28.8|+18 07 48|2014-01-13 14:58:25.793|   4.608|      4.113801e-01|            3.613772e-02|
|GRB131006840|09 17 26.4|-00 52 12|2013-10-06 20:09:52.707|  41.984|      4.114928e-01|            2.682927e-02|
|GRB160621497|20 30 09.6|-09 28 48|2016-06-21 11:55:55.842| 251.136|      4.121498e-01|            1.984162e-02|
|GRB131230808|04 52 12.0|+04 50 24|2013-12-30 19:24:09.905|  49.152|      4.122174e-01|            1.668468e-02|
|GRB080920268|08 06 24.0|+08 54 00|2008-09-20 06:25:48.859| 113.921|      4.131317e-01|            5.115734e-02|
|GRB160318342|04 22 43.2|+34 44 24|2016-03-18 08:12:29.153|  12.800|      4.136885e-01|            5.352249e-02|
|GRB130627372|12 17 46.8|-37 05 10|2013-06-27 08:55:05.934|  35.840|      4.145488e-01|            3.516529e-02|
|GRB120218276|06 47 24.0|-01 22 12|2012-02-18 06:37:02.371| 256.260|      4.146474e-01|            9.839585e-03|
|GRB150711766|14 46 30.5|-35 27 22|2015-07-11 18:23:00.158|  82.177|      4.149699e-01|            1.172996e-02|
|GRB111008992|14 43 00.0|-05 40 12|2011-10-08 23:49:01.292|  42.496|      4.150265e-01|            1.917832e-02|
|GRB100413732|17 44 53.3|+15 50 02|2010-04-13 17:33:31.924| 184.067|      4.150951e-01|            1.399380e-02|
|GRB091115177|20 31 02.4|+71 27 36|2009-11-15 04:14:50.419|  37.376|      4.153200e-01|            2.207925e-02|
|GRB160912674|20 05 59.5|+57 33 56|2016-09-12 16:10:11.390|  48.128|      4.157820e-01|            2.092534e-02|
|GRB150703149|09 03 12.0|-11 11 24|2015-07-03 03:34:06.199|  50.176|      4.158234e-01|            1.444155e-02|
|GRB101127093|19 21 14.4|+07 53 24|2010-11-27 02:13:59.070|  29.440|      4.158784e-01|            5.207694e-02|
|GRB170315582|15 21 33.6|+60 20 24|2017-03-15 13:57:56.729|  16.128|      4.181907e-01|            2.858095e-02|
|GRB150815604|19 19 40.8|-25 32 24|2015-08-15 14:29:59.314|  24.576|      4.182081e-01|            2.187903e-02|
|GRB131018673|20 17 38.4|+23 06 36|2013-10-18 16:08:39.181|  39.936|      4.188395e-01|            2.271825e-02|
|GRB160515819|05 22 16.8|-16 18 36|2016-05-15 19:38:41.037|  84.481|      4.192512e-01|            1.348271e-02|
|GRB160919613|17 44 36.0|-80 12 36|2016-09-19 14:43:21.638|  62.465|      4.193373e-01|            2.374992e-02|
|GRB180620354|09 37 40.8|+12 22 48|2018-06-20 08:29:23.298|  98.050|      4.193721e-01|            1.318309e-02|
|GRB091202072|17 10 00.0|-01 54 00|2009-12-02 01:44:06.528|  27.648|      4.194088e-01|            2.921714e-02|
|GRB170929513|12 51 31.2|+32 18 00|2017-09-29 12:18:59.265|   9.472|      4.199666e-01|            2.863567e-02|
|GRB170711019|04 26 45.6|-30 41 24|2017-07-11 00:26:52.776|  15.104|      4.200516e-01|            4.589880e-02|
|GRB131119781|03 11 50.4|-24 00 36|2013-11-19 18:44:47.874|  34.816|      4.201108e-01|            2.315396e-02|
|GRB111114233|17 52 19.2|-20 00 36|2011-11-14 05:35:45.351|  22.016|      4.203402e-01|            3.236818e-02|
|GRB111105457|10 13 55.2|+07 16 48|2011-11-05 10:57:36.083|  43.264|      4.206813e-01|            2.220419e-02|
|GRB160815299|02 07 19.2|+74 25 12|2016-08-15 07:11:16.010|  21.248|      4.214721e-01|            5.505135e-02|
|GRB120220210|13 44 31.2|-57 21 36|2012-02-20 05:02:21.603|  21.248|      4.217810e-01|            3.179330e-02|
|GRB171011162|09 51 28.8|-09 48 00|2017-10-11 03:52:44.786| 101.888|      4.219197e-01|            7.496535e-03|
|GRB090706283|13 40 16.8|-47 04 12|2009-07-06 06:47:40.428|  57.857|      4.227052e-01|            6.475739e-02|
|GRB180205184|08 27 17.0|+11 32 31|2018-02-05 04:25:25.393|  15.360|      4.237323e-01|            3.601063e-02|
|GRB150716552|19 06 33.6|+14 27 36|2015-07-16 13:14:38.785|  32.768|      4.238343e-01|            3.979515e-02|
|GRB110616648|18 17 48.0|-34 01 12|2011-06-16 15:33:25.235|  12.544|      4.243514e-01|            3.831813e-02|
|GRB101224614|19 20 38.4|+34 27 36|2010-12-24 14:43:32.930|  25.601|      4.244383e-01|            1.998597e-02|
|GRB180420031|06 14 02.4|-28 19 12|2018-04-20 00:45:09.919|  59.392|      4.248257e-01|            3.068722e-02|
|GRB170621784|05 04 14.4|-26 26 24|2017-06-21 18:49:28.380|  32.000|      4.249136e-01|            5.358145e-02|
|GRB130919352|03 59 12.0|+48 31 12|2013-09-19 08:27:04.735|  80.897|      4.256266e-01|            1.590673e-02|
|GRB160220059|15 47 48.5|-18 33 54|2016-02-20 01:25:26.968|   8.768|      4.257344e-01|            3.395280e-02|
|GRB170313125|23 58 28.8|+29 16 12|2017-03-13 03:00:28.533|  41.984|      4.259447e-01|            2.661379e-02|
|GRB160716144|12 38 26.4|-68 02 24|2016-07-16 03:26:50.296|  28.928|      4.265321e-01|            1.640105e-02|
|GRB171126216|23 13 43.2|-02 05 24|2017-11-26 05:10:30.513| 165.888|      4.266219e-01|            2.650137e-02|
|GRB081017474|07 16 00.0|-15 12 00|2008-10-17 11:22:37.440|  28.416|      4.267729e-01|            4.019957e-02|
|GRB151111356|03 47 22.8|-44 09 41|2015-11-11 08:33:20.028|  46.336|      4.275063e-01|            2.038469e-02|
|GRB100929315|16 14 28.8|+33 19 48|2010-09-29 07:33:04.048|   4.608|      4.276369e-01|            5.300104e-02|
|GRB111117526|01 48 38.4|-16 06 36|2011-11-17 12:38:00.759|  23.808|      4.279692e-01|            2.940853e-02|
|GRB111025078|21 42 28.8|-35 31 12|2011-10-25 01:52:45.742|  51.712|      4.280809e-01|            2.312068e-02|
|GRB170923101|08 00 28.8|-35 19 48|2017-09-23 02:25:00.800|  46.080|      4.288334e-01|            2.117077e-02|
|GRB141022061|16 07 36.2|-72 07 44|2014-10-22 01:27:48.520|  11.520|      4.288854e-01|            5.894319e-02|
|GRB141226880|10 55 24.0|+28 23 24|2014-12-26 21:07:24.518|  38.656|      4.289286e-01|            2.323730e-02|
|GRB130528503|23 30 48.0|+27 48 36|2013-05-28 12:04:31.329|  66.304|      4.293338e-01|            2.022846e-02|
|GRB141112828|05 13 14.4|-04 00 00|2014-11-12 19:52:03.846|  63.745|      4.299139e-01|            2.725199e-02|
|GRB140720280|09 25 24.0|+10 45 36|2014-07-20 06:43:43.125|   9.984|      4.301489e-01|            3.423326e-02|
|GRB120919816|20 14 07.2|-66 09 36|2012-09-19 19:35:41.796|  20.480|      4.304045e-01|            3.925475e-02|
|GRB110410133|02 03 45.6|-15 57 00|2011-04-10 03:10:52.427|  61.952|      4.308653e-01|            1.433300e-02|
|GRB081120618|13 41 36.0|-09 06 00|2008-11-20 14:49:34.567|  25.344|      4.309016e-01|            2.325856e-02|
|GRB120302080|08 09 48.2|+29 39 35|2012-03-02 01:55:34.002|  80.384|      4.322797e-01|            3.864462e-02|
|GRB080818945|06 32 24.0|+07 24 00|2008-08-18 22:40:49.079|  13.376|      4.328857e-01|            2.765681e-02|
|GRB160711968|01 00 19.2|+14 56 24|2016-07-11 23:13:26.461|  25.344|      4.330186e-01|            3.147466e-02|
|GRB090802666|17 48 04.8|-71 46 12|2009-08-02 15:58:23.444|  27.520|      4.330277e-01|            2.300220e-02|
|GRB141031257|01 46 52.8|+45 58 48|2014-10-31 06:10:40.949|  38.656|      4.338296e-01|            2.957425e-02|
|GRB150527662|00 43 12.0|-35 36 00|2015-05-27 15:53:43.662|  63.233|      4.340457e-01|            1.353705e-02|
|GRB081024851|09 43 12.0|-10 48 00|2008-10-24 20:25:34.123|  56.065|      4.349703e-01|            1.380563e-02|
|GRB180127879|17 15 50.4|+03 44 24|2018-01-27 21:05:56.491|  17.664|      4.355870e-01|            3.299604e-02|
|GRB100625891|22 33 02.4|+20 17 24|2010-06-25 21:22:45.185|  29.184|      4.356278e-01|            3.858284e-02|
|GRB170514152|09 30 57.6|+71 55 48|2017-05-14 03:38:38.212|  12.032|      4.360898e-01|            3.458780e-02|
|GRB140322424|16 41 12.0|-69 27 00|2014-03-22 10:11:03.465|  10.496|      4.361861e-01|            2.824003e-02|
|GRB101219686|00 48 55.3|-34 33 58|2010-12-19 16:28:13.121|  51.009|      4.362053e-01|            2.155737e-02|
|GRB161212652|01 39 45.6|+68 13 48|2016-12-12 15:38:59.379|   2.816|      4.363892e-01|            8.136192e-02|
|GRB100517132|02 42 31.2|-44 19 12|2010-05-17 03:09:50.123|  19.840|      4.367028e-01|            2.881783e-02|
|GRB141230834|12 05 52.8|+11 39 00|2014-12-30 20:00:25.666|  28.928|      4.391419e-01|            1.897779e-02|
|GRB120905657|23 43 50.4|+16 59 24|2012-09-05 15:46:21.166| 195.587|      4.397752e-01|            8.337328e-03|
|GRB151024179|15 31 26.4|+22 57 00|2015-10-24 04:17:53.560|   4.608|      4.403714e-01|            5.783962e-02|
|GRB170803172|05 06 00.0|+23 58 12|2017-08-03 04:07:15.748|   6.656|      4.404225e-01|            5.792819e-02|
|GRB170923566|15 13 12.0|-10 46 48|2017-09-23 13:35:34.051|  27.648|      4.404649e-01|            5.124210e-02|
|GRB080806584|06 18 24.0|+57 48 00|2008-08-06 14:01:11.204|   2.304|      4.405043e-01|            5.162436e-02|
|GRB110319628|13 51 50.4|-51 34 48|2011-03-19 15:04:45.460|  15.104|      4.409124e-01|            2.833444e-02|
|GRB140406144|04 40 24.0|+13 32 24|2014-04-06 03:26:48.185|  37.120|      4.412858e-01|            2.478750e-02|
|GRB130420539|12 12 30.7|+54 23 26|2013-04-20 12:56:32.988|  13.824|      4.414035e-01|            3.212515e-02|
|GRB150423285|14 41 33.6|-38 50 24|2015-04-23 06:50:42.915|  14.336|      4.415564e-01|            4.719733e-02|
|GRB170816258|00 42 48.0|-15 36 36|2017-08-16 06:11:11.880|  61.440|      4.425137e-01|            2.558422e-02|
|GRB090610883|04 41 28.8|+30 18 00|2009-06-10 21:12:07.734|   7.424|      4.428013e-01|            4.261191e-02|
|GRB170301812|18 34 12.0|-45 22 48|2017-03-01 19:28:41.045|  12.544|      4.429134e-01|            4.824207e-02|
|GRB090403314|04 28 24.0|+47 12 00|2009-04-03 07:32:42.130|  14.848|      4.441028e-01|            3.788006e-02|
|GRB140519043|18 33 52.8|+34 24 36|2014-05-19 01:01:44.955|  47.616|      4.447516e-01|            1.840194e-02|
|GRB120427153|07 38 48.0|+50 12 36|2012-04-27 03:40:37.868|  22.784|      4.453967e-01|            7.029280e-02|
|GRB120111051|06 21 21.6|+05 00 00|2012-01-11 01:13:27.628|  76.801|      4.454256e-01|            2.543905e-02|
|GRB161207813|03 55 09.6|+15 43 48|2016-12-07 19:31:22.468|  36.352|      4.457526e-01|            1.628106e-02|
|GRB160225720|05 22 21.6|-09 11 24|2016-02-25 17:16:40.202|  70.144|      4.463602e-01|            1.504786e-02|
|GRB121008424|22 43 52.8|-03 06 00|2012-10-08 10:10:50.658|   3.456|      4.474527e-01|            4.257753e-02|
|GRB170530581|07 48 57.6|+14 34 48|2017-05-30 13:56:12.786|  19.456|      4.474548e-01|            1.738565e-02|
|GRB150904479|04 28 19.2|-20 22 48|2015-09-04 11:30:20.956|  23.296|      4.476701e-01|            4.581730e-02|
|GRB120430980|03 09 00.0|+18 31 12|2012-04-30 23:30:43.349|  14.592|      4.481306e-01|            5.596121e-02|
|GRB090625234|01 21 09.6|-06 25 48|2009-06-25 05:37:00.209|  14.336|      4.485095e-01|            2.537657e-02|
|GRB090610723|18 23 57.6|-42 05 24|2009-06-10 17:21:31.905| 146.434|      4.486673e-01|            2.185892e-02|
|GRB150305724|15 00 28.8|-44 44 24|2015-03-05 17:23:13.693|  16.128|      4.490345e-01|            6.078899e-02|
|GRB121220311|02 04 16.8|+48 16 48|2012-12-20 07:28:13.239|   5.120|      4.492835e-01|            6.289202e-02|
|GRB140406120|23 50 12.0|+05 37 48|2014-04-06 02:52:13.758| 109.312|      4.492923e-01|            1.314004e-02|
|GRB110124784|03 35 19.2|+36 21 00|2011-01-24 18:49:09.070|   5.376|      4.498537e-01|            6.742994e-02|
|GRB141013803|21 00 14.4|-61 53 24|2014-10-13 19:16:59.411|  82.432|      4.499369e-01|            2.768109e-02|
|GRB090718720|16 15 02.4|-06 40 48|2009-07-18 17:16:42.933|  76.481|      4.500677e-01|            4.473332e-02|
|GRB111120556|22 58 24.0|-37 20 24|2011-11-20 13:20:24.049|  98.626|      4.502065e-01|            1.334706e-02|
|GRB120711446|08 31 31.2|-31 49 48|2012-07-11 10:42:54.571|  87.552|      4.502367e-01|            3.142388e-02|
|GRB161217128|14 26 31.2|+51 58 48|2016-12-17 03:03:45.786|   3.584|      4.511234e-01|            5.811857e-02|
|GRB091017985|14 17 36.0|-64 44 24|2009-10-17 23:38:57.471|  44.800|      4.511897e-01|            3.220177e-02|
|GRB090810781|07 45 43.2|-17 28 48|2009-08-10 18:44:44.858|  62.977|      4.512247e-01|            1.589900e-02|
|GRB170429799|17 18 50.4|-32 46 12|2017-04-29 19:11:12.597| 220.163|      4.516580e-01|            6.222175e-03|
|GRB131110373|00 39 14.4|+08 09 36|2013-11-10 08:57:01.343|  27.328|      4.532718e-01|            2.079072e-02|
|GRB120820585|12 26 33.6|-12 18 36|2012-08-20 14:02:21.987| 107.522|      4.537546e-01|            1.493875e-02|
|GRB150513856|03 16 14.4|-22 54 36|2015-05-13 20:33:15.254| 158.978|      4.539809e-01|            1.154695e-02|
|GRB170901345|09 01 43.2|-24 46 48|2017-09-01 08:16:54.377|  29.696|      4.545556e-01|            4.376590e-02|
|GRB140727748|04 34 07.2|+57 39 36|2014-07-27 17:56:44.855|  13.824|      4.545836e-01|            3.157222e-02|
|GRB180710062|13 22 38.4|-32 14 24|2018-07-10 01:28:38.710|  90.112|      4.553631e-01|            2.579522e-02|
|GRB170727841|14 35 24.0|-61 50 24|2017-07-27 20:10:57.781|  19.200|      4.561504e-01|            3.592950e-02|
|GRB111005398|22 41 12.0|+75 48 00|2011-10-05 09:33:03.376|  30.720|      4.561752e-01|            2.325381e-02|
|GRB130510877|07 02 50.4|-09 52 12|2013-05-10 21:03:22.382|  29.440|      4.563757e-01|            2.074242e-02|
|GRB101025146|16 00 45.6|-08 29 24|2010-10-25 03:30:18.643|  14.336|      4.564778e-01|            6.118597e-02|
|GRB110207470|00 50 10.1|-10 48 22|2011-02-07 11:17:20.287|  37.888|      4.574819e-01|            2.267898e-02|
|GRB130919985|16 08 52.8|-48 17 24|2013-09-19 23:38:13.695|  17.408|      4.577079e-01|            2.750650e-02|
|GRB171023097|21 41 26.4|-30 24 00|2017-10-23 02:19:46.319|  64.257|      4.578171e-01|            2.193406e-02|
|GRB171212948|07 09 04.8|+56 35 24|2017-12-12 22:44:40.434|   6.656|      4.579688e-01|            3.818304e-02|
|GRB090117632|08 06 24.0|-38 48 00|2009-01-17 15:10:40.176|  86.017|      4.584639e-01|            1.186642e-02|
|GRB160218711|02 13 19.2|-26 27 00|2016-02-18 17:03:39.419|  20.224|      4.595675e-01|            3.404458e-02|
|GRB140328560|21 20 09.6|+17 58 12|2014-03-28 13:26:26.028|   4.160|      4.596282e-01|            4.461699e-02|
|GRB150826557|21 11 52.8|-64 56 24|2015-08-26 13:22:15.679|  33.024|      4.596732e-01|            1.874439e-02|
|GRB081109293|22 03 12.0|-54 42 00|2008-11-09 07:02:02.415|  58.369|      4.599239e-01|            1.451325e-02|
|GRB160220868|21 47 33.6|+06 03 00|2016-02-20 20:50:12.110|  22.528|      4.602502e-01|            6.435297e-02|
|GRB160710233|02 45 52.8|-09 01 48|2016-07-10 05:35:34.804|  57.856|      4.607722e-01|            3.903329e-02|
|GRB100326402|20 58 48.0|+00 27 00|2010-03-26 09:38:20.044| 144.130|      4.608327e-01|            1.059547e-02|
|GRB150222832|19 38 09.6|-40 56 24|2015-02-22 19:58:03.437|  74.752|      4.608971e-01|            2.348272e-02|
|GRB100204566|18 12 16.8|-52 46 48|2010-02-04 13:34:43.375|  32.513|      4.611376e-01|            2.584953e-02|
|GRB170112970|13 51 02.4|-61 46 12|2017-01-12 23:16:09.116|   7.360|      4.612030e-01|            4.400171e-02|
|GRB140809133|11 20 26.4|+72 21 36|2014-08-09 03:11:10.196|  69.120|      4.613769e-01|            3.401439e-02|
|GRB131127696|16 25 12.0|+33 55 12|2013-11-27 16:41:46.343|  15.104|      4.614205e-01|            3.219467e-02|
|GRB160804065|14 46 31.2|+09 59 56|2016-08-04 01:34:16.038| 131.586|      4.615469e-01|            9.741660e-03|
|GRB130819394|08 18 52.8|-33 45 36|2013-08-19 09:27:34.099|  82.689|      4.618251e-01|            1.231277e-02|
|GRB160827837|21 09 26.4|+31 03 36|2016-08-27 20:04:51.019|  24.576|      4.619245e-01|            3.600500e-02|
|GRB130813791|13 36 07.2|+56 20 24|2013-08-13 18:59:22.758|  11.264|      4.623010e-01|            2.833792e-02|
|GRB160523919|17 24 33.6|-13 27 00|2016-05-23 22:03:37.128|  71.424|      4.628902e-01|            1.244855e-02|
|GRB110311812|07 50 21.6|+34 17 24|2011-03-11 19:29:21.417|   6.400|      4.630377e-01|            3.600394e-02|
|GRB090510325|17 57 36.0|-57 54 00|2009-05-10 07:47:39.512|   7.424|      4.634977e-01|            6.308813e-02|
|GRB150824125|17 42 52.8|+80 59 24|2015-08-24 02:59:22.318|  32.768|      4.636433e-01|            4.023802e-02|
|GRB140104731|14 35 14.4|-08 54 00|2014-01-04 17:32:03.150| 187.137|      4.646326e-01|            1.733075e-02|
|GRB140703026|00 51 59.0|+45 06 06|2014-07-03 00:37:07.190|  83.969|      4.647713e-01|            1.149334e-02|
|GRB081102739|22 04 48.0|+53 00 00|2008-11-02 17:44:21.599|  34.816|      4.649155e-01|            1.895326e-02|
|GRB110624906|04 20 04.8|-15 57 00|2011-06-24 21:44:25.565|   3.520|      4.650030e-01|            5.976860e-02|
|GRB130929375|13 23 43.2|+02 48 00|2013-09-29 09:00:13.006|   2.304|      4.657330e-01|            7.396125e-02|
|GRB130117087|22 44 57.6|+02 48 36|2013-01-17 02:05:11.425|  78.848|      4.662201e-01|            3.170720e-02|
|GRB100530737|19 18 55.2|+31 02 24|2010-05-30 17:41:51.226|   3.328|      4.668651e-01|            4.059086e-02|
|GRB120926753|01 38 26.4|-45 34 48|2012-09-26 18:04:35.099|   3.072|      4.670481e-01|            6.822899e-02|
|GRB090904581|17 26 36.0|+04 33 36|2009-09-04 13:57:17.125|  38.401|      4.675661e-01|            3.480770e-02|
|GRB090704783|19 45 24.0|+25 52 48|2009-07-04 18:47:00.622|  19.456|      4.680218e-01|            2.773388e-02|
|GRB100923844|07 04 28.8|+39 36 00|2010-09-23 20:15:10.669|  51.713|      4.680937e-01|            2.498783e-02|
|GRB160727971|09 43 57.6|+16 24 00|2016-07-27 23:17:49.269|   3.136|      4.683361e-01|            4.864140e-02|
|GRB140126815|13 54 48.0|+31 16 48|2014-01-26 19:33:41.643|  75.776|      4.684245e-01|            1.558080e-02|
|GRB170120471|17 31 19.2|+12 34 12|2017-01-20 11:18:31.731|  28.928|      4.685284e-01|            1.889278e-02|
|GRB171207809|14 37 40.8|-38 03 36|2017-12-07 19:24:24.172|  25.600|      4.692007e-01|            2.900263e-02|
|GRB161020024|10 44 07.4|-54 46 07|2016-10-20 00:34:46.951|  12.288|      4.692275e-01|            3.733204e-02|
|GRB110904531|21 34 57.6|+23 56 24|2011-09-04 12:44:19.330|  20.480|      4.694596e-01|            2.462463e-02|
|GRB131024900|09 38 00.7|+44 16 17|2013-10-24 21:35:28.846|  45.312|      4.701008e-01|            4.338034e-02|
|GRB110730660|22 20 24.0|-02 53 24|2011-07-30 15:50:43.762|  33.856|      4.707857e-01|            1.658805e-02|
|GRB160919858|21 45 14.4|+21 26 24|2016-09-19 20:35:37.611|  79.104|      4.713226e-01|            3.902282e-02|
|GRB101107011|11 13 19.2|+22 25 48|2010-11-07 00:16:25.117| 375.814|      4.716556e-01|            1.666126e-02|
|GRB140112060|00 33 45.6|+11 59 24|2014-01-12 01:26:46.894|  12.032|      4.716886e-01|            2.523039e-02|
|GRB130324042|17 01 43.2|+00 03 00|2013-03-24 01:00:24.747|  56.320|      4.718187e-01|            5.060645e-02|
|GRB180420107|05 32 55.2|-25 15 00|2018-04-20 02:33:54.627|  62.977|      4.722156e-01|            1.213143e-02|
|GRB081101167|14 13 12.0|-18 30 00|2008-11-01 04:00:39.633|   9.984|      4.728945e-01|            1.141187e-01|
|GRB100429999|05 56 21.6|-69 57 36|2010-04-29 23:59:51.640|  25.024|      4.733689e-01|            2.404684e-02|
|GRB160111115|20 40 57.6|-32 46 48|2016-01-11 02:45:03.291|  26.880|      4.743546e-01|            2.256697e-02|
|GRB130314147|13 44 50.4|+46 46 12|2013-03-14 03:31:16.299| 142.851|      4.745500e-01|            8.600834e-03|
|GRB111228657|10 00 15.6|+18 17 57|2011-12-28 15:45:30.803|  99.842|      4.747997e-01|            1.089966e-02|
|GRB091122163|08 02 02.4|-31 07 48|2009-11-22 03:54:20.375|   2.944|      4.748479e-01|            6.426158e-02|
|GRB150828901|06 16 57.6|+78 38 24|2015-08-28 21:37:02.048|   2.048|      4.752338e-01|            6.527471e-02|
|GRB160527080|14 33 43.2|+06 40 48|2016-05-27 01:55:37.323|  25.344|      4.764480e-01|            2.831002e-02|
|GRB110609185|21 51 19.2|+44 35 24|2011-06-09 04:26:11.059|   9.984|      4.769973e-01|            5.257182e-02|
|GRB121217313|10 14 50.4|-62 21 02|2012-12-17 07:30:01.579| 828.672|      4.775385e-01|            2.201977e-02|
|GRB131211510|18 05 21.6|-40 36 36|2013-12-11 12:14:49.965|  44.800|      4.777098e-01|            1.946516e-02|
|GRB100718796|19 53 52.8|+41 25 48|2010-07-18 19:06:22.577|  38.656|      4.778402e-01|            2.308811e-02|
|GRB091202219|00 55 26.4|+09 04 48|2009-12-02 05:15:42.658| 118.274|      4.778943e-01|            1.744285e-02|
|GRB160518985|17 43 02.4|+49 58 48|2016-05-18 23:37:58.447|  27.136|      4.781708e-01|            1.821310e-02|
|GRB110428338|08 33 45.6|+19 56 24|2011-04-28 08:07:05.245| 101.634|      4.783226e-01|            1.241030e-02|
|GRB180428102|06 08 28.8|+54 46 48|2018-04-28 02:27:15.309|  64.510|      4.785224e-01|            2.159852e-02|
|GRB110125894|22 05 24.0|-46 12 36|2011-01-25 21:27:28.394|   4.800|      4.791465e-01|            3.198484e-02|
|GRB101101899|17 44 09.6|-29 00 00|2010-11-01 21:34:08.903|  31.232|      4.792582e-01|            2.426190e-02|
|GRB120319983|04 39 24.0|-45 26 24|2012-03-19 23:35:04.213|  72.448|      4.800749e-01|            2.566723e-02|
|GRB121019233|02 53 52.8|+62 08 24|2012-10-19 05:35:09.226|  14.336|      4.802870e-01|            2.800244e-02|
|GRB120531393|19 21 36.0|+01 13 12|2012-05-31 09:26:38.365|  25.344|      4.807945e-01|            3.460592e-02|
|GRB101223834|16 42 12.0|+48 13 12|2010-12-23 20:00:18.096|  56.065|      4.809959e-01|            2.896235e-02|
|GRB080809808|06 06 48.0|+61 24 00|2008-08-09 19:23:33.129|  28.160|      4.813285e-01|            3.042506e-02|
|GRB140828288|09 28 02.6|+14 35 24|2014-08-28 06:54:12.179|  23.552|      4.815694e-01|            2.270318e-02|
|GRB160406570|13 53 55.2|-76 22 12|2016-04-06 13:40:29.314|  66.560|      4.815844e-01|            3.519537e-02|
|GRB101127102|04 43 48.0|-11 19 12|2010-11-27 02:27:30.903|  60.672|      4.816203e-01|            2.020521e-02|
|GRB090522344|18 30 48.0|+19 36 00|2009-05-22 08:15:49.326|  20.288|      4.816802e-01|            3.282584e-02|
|GRB180122129|01 45 43.2|-41 03 36|2018-01-22 03:05:39.870|   4.352|      4.824859e-01|            5.012195e-02|
|GRB170801690|22 52 43.2|-41 45 00|2017-08-01 16:33:43.396|  10.240|      4.827771e-01|            4.150527e-02|
|GRB161013948|07 17 14.4|-07 51 36|2016-10-13 22:44:40.102|  34.816|      4.828069e-01|            3.785303e-02|
|GRB100504806|17 02 19.2|-35 36 00|2010-05-04 19:20:55.536|  16.512|      4.831890e-01|            2.629330e-02|
|GRB180111815|11 48 40.8|+02 54 00|2018-01-11 19:34:00.495|  19.200|      4.833237e-01|            2.763894e-02|
|GRB130217688|06 26 52.8|+06 48 00|2013-02-17 16:31:19.119|  14.848|      4.836916e-01|            3.913757e-02|
|GRB171103655|00 22 48.0|-00 22 48|2017-11-03 15:43:50.770|  25.600|      4.847775e-01|            2.450185e-02|
|GRB120612680|14 07 31.2|+34 33 36|2012-06-12 16:19:45.548|  63.232|      4.860809e-01|            4.462837e-02|
|GRB081006872|11 28 48.0|-61 00 00|2008-10-06 20:55:35.594|   3.328|      4.863858e-01|            5.242140e-02|
|GRB150204272|10 40 57.8|-64 02 35|2015-02-04 06:31:07.879|  11.008|      4.865427e-01|            2.816732e-02|
|GRB180423033|13 54 43.2|+09 50 24|2018-04-23 00:47:03.657|  54.784|      4.881084e-01|            2.012118e-02|
|GRB090908341|11 36 33.6|-25 07 48|2009-09-08 08:10:39.814|  36.864|      4.883098e-01|            2.084528e-02|
|GRB120710100|08 01 33.6|-31 08 24|2012-07-10 02:23:17.051| 131.840|      4.885247e-01|            2.088449e-02|
|GRB170901255|07 50 02.4|-13 13 48|2017-09-01 06:07:47.453|   8.960|      4.891952e-01|            4.261417e-02|
|GRB160326062|12 32 36.0|-82 41 24|2016-03-26 01:29:16.294|  19.456|      4.893967e-01|            4.541721e-02|
|GRB161207224|19 39 14.4|-09 55 48|2016-12-07 05:22:47.698|   8.192|      4.895232e-01|            6.613334e-02|
|GRB120331055|01 45 28.8|-54 50 24|2012-03-31 01:19:06.644|  16.384|      4.897407e-01|                        |
|GRB110709862|10 24 50.4|-41 47 24|2011-07-09 20:40:50.085|   5.376|      4.901434e-01|            5.203670e-02|
|GRB101017619|01 49 52.8|-26 33 00|2010-10-17 14:51:29.484|  47.872|      4.910777e-01|            3.122164e-02|
|GRB151129333|04 03 16.8|-11 29 24|2015-11-29 08:00:06.085|  52.224|      4.916670e-01|            1.858811e-02|
|GRB160314929|11 10 14.4|+45 40 12|2016-03-14 22:17:53.734|  98.562|      4.919133e-01|            1.607320e-02|
|GRB101214993|12 04 31.2|-31 03 36|2010-12-14 23:50:00.971|  11.520|      4.920526e-01|            3.596552e-02|
|GRB180116678|03 12 36.0|-13 18 36|2018-01-16 16:16:03.655| 122.624|      4.928779e-01|            1.195230e-02|
|GRB150122960|10 04 55.2|-32 36 00|2015-01-22 23:02:28.320|  53.249|      4.929383e-01|                        |
|GRB141105358|13 30 24.0|-32 00 00|2014-11-05 08:35:48.875|  19.200|      4.934522e-01|            3.499231e-02|
|GRB151126293|22 34 26.4|+30 52 48|2015-11-26 07:01:17.239|   8.448|      4.938378e-01|            4.777828e-02|
|GRB130623130|12 58 26.4|+35 30 36|2013-06-23 03:06:37.123|  29.440|      4.939130e-01|            4.656063e-02|
|GRB150806348|07 07 24.0|+01 00 36|2015-08-06 08:21:41.960|  85.248|      4.942940e-01|            1.356313e-02|
|GRB090320418|15 52 00.0|-46 30 00|2009-03-20 10:01:46.011|   7.936|      4.946395e-01|            4.814138e-02|
|GRB170830069|23 32 00.0|+18 18 36|2017-08-30 01:38:44.227| 216.835|      4.951389e-01|            1.718795e-02|
|GRB171009138|23 12 33.6|+42 18 36|2017-10-09 03:18:20.638|  47.104|      4.957524e-01|            2.335741e-02|
|GRB081008832|18 40 00.0|-57 24 00|2008-10-08 19:58:01.799| 126.722|      4.960440e-01|            1.737373e-02|
|GRB170829674|21 46 21.6|+40 39 00|2017-08-29 16:10:03.158|  81.152|      4.961919e-01|            1.553291e-02|
|GRB081003644|17 16 24.0|+35 24 00|2008-10-03 15:27:17.932|  50.177|      4.964084e-01|            1.586468e-02|
|GRB090304216|13 03 36.0|-73 24 00|2009-03-04 05:10:48.157|   2.816|      4.966309e-01|            3.372533e-02|
|GRB170928607|20 16 21.6|+35 44 24|2017-09-28 14:34:47.265|   9.216|      4.970054e-01|            2.719033e-02|
|GRB180124392|22 03 26.4|-41 56 24|2018-01-24 09:23:55.172|  86.528|      4.971732e-01|            1.890358e-02|
|GRB140508629|18 08 24.0|+72 31 48|2014-05-08 15:05:26.137|  50.433|      4.974339e-01|            2.573979e-02|
|GRB180205323|13 38 48.0|-16 30 00|2018-02-05 07:45:04.143|  47.360|      4.975075e-01|            2.511121e-02|
|GRB081022364|13 41 36.0|+16 36 00|2008-10-22 08:44:44.847|  17.152|      4.979523e-01|            3.736405e-02|
|GRB160308709|08 33 04.8|+20 11 24|2016-03-08 17:00:39.271|  88.064|      4.982889e-01|            6.794971e-02|
|GRB090426066|01 10 24.0|-19 12 00|2009-04-26 01:35:35.225|  16.128|      4.983886e-01|            7.045533e-02|
|GRB170810918|12 31 45.4|+03 39 37|2017-08-10 22:01:41.585| 136.960|      4.985988e-01|            1.154540e-02|
|GRB120121101|15 42 40.8|-39 20 24|2012-01-21 02:25:53.799|  18.432|      4.989283e-01|            2.558226e-02|
|GRB140405033|07 56 24.0|-26 53 24|2014-04-05 00:47:02.521|  39.936|      4.989407e-01|            2.231358e-02|
|GRB120911298|23 51 55.7|+63 05 54|2012-09-11 07:08:33.988|  22.016|      4.992914e-01|            3.316211e-02|
|GRB160519677|18 27 31.2|+21 27 36|2016-05-19 16:15:03.851|  19.200|      4.994323e-01|            4.577010e-02|
|GRB141102779|07 36 52.8|+22 43 48|2014-11-02 18:41:18.957|  25.088|      5.014388e-01|            3.909159e-02|
|GRB101130074|18 18 26.4|+26 37 12|2010-11-30 01:45:54.346|   7.168|      5.019023e-01|            1.355871e-01|
|GRB160125368|05 07 07.2|+13 00 36|2016-01-25 08:49:30.756|  16.896|      5.020314e-01|            2.038237e-02|
|GRB100911816|10 05 16.8|+58 59 24|2010-09-11 19:35:39.905|   5.632|      5.023451e-01|            4.722794e-02|
|GRB170805901|16 15 52.8|+36 22 48|2017-08-05 21:37:49.589|  25.856|      5.024341e-01|            3.926151e-02|
|GRB140502354|21 16 44.9|+48 58 12|2014-05-02 08:30:20.107|  20.096|      5.027181e-01|            3.221335e-02|
|GRB171212222|04 05 57.6|+24 13 12|2017-12-12 05:20:14.532|  19.968|      5.028044e-01|            2.235009e-02|
|GRB151219567|23 24 45.6|+11 22 12|2015-12-19 13:36:22.836|  62.720|      5.033089e-01|                        |
|GRB090309767|11 37 12.0|-49 30 00|2009-03-09 18:25:07.193|  56.513|      5.033346e-01|            2.063040e-02|
|GRB170302166|10 17 00.0|+29 23 24|2017-03-02 03:58:24.282|   3.840|      5.033554e-01|            5.293583e-02|
|GRB090621417|17 09 57.6|-28 27 36|2009-06-21 10:00:52.096|  27.009|      5.035071e-01|            1.683992e-02|
|GRB150329288|10 52 00.0|-12 19 12|2015-03-29 06:55:19.123|  28.928|      5.040383e-01|            3.473480e-02|
|GRB171202113|06 52 07.2|+38 43 12|2017-12-02 02:42:26.858|  81.152|      5.040542e-01|            9.905299e-03|
|GRB160316139|23 41 19.2|-52 22 48|2016-03-16 03:19:44.995|  17.152|      5.042710e-01|            3.570432e-02|
|GRB100802240|00 09 52.2|+47 45 16|2010-08-02 05:45:35.676|  28.672|      5.046546e-01|            3.709127e-02|
|GRB171212434|02 37 45.6|-70 37 12|2017-12-12 10:24:18.513|  32.001|      5.055602e-01|            1.450672e-02|
|GRB100126460|22 33 28.8|-18 44 24|2010-01-26 11:03:05.125|  10.624|      5.058464e-01|            6.097724e-02|
|GRB160625240|08 28 31.2|-30 15 36|2016-06-25 05:45:55.906|  10.752|      5.066115e-01|            3.379248e-02|
|GRB110818860|21 09 20.9|-63 58 52|2011-08-18 20:37:54.221|  67.073|      5.067373e-01|            1.933713e-02|
|GRB130224370|13 43 36.0|+59 43 12|2013-02-24 08:53:02.377|  70.913|      5.072599e-01|            1.780218e-02|
|GRB091106762|03 16 31.2|+60 19 12|2009-11-06 18:17:12.891|  14.592|      5.091676e-01|            4.848193e-02|
|GRB170323775|23 15 19.2|-66 48 36|2017-03-23 18:36:28.736|  35.328|      5.092294e-01|            1.759157e-02|
|GRB100929235|11 05 19.2|+62 17 24|2010-09-29 05:38:52.495|   8.192|      5.096135e-01|            5.207135e-02|
|GRB110227420|15 30 55.2|-09 56 24|2011-02-27 10:04:12.552|  25.600|      5.098564e-01|            2.733423e-02|
|GRB131217506|03 49 50.4|+43 12 36|2013-12-17 12:08:26.434|   3.328|      5.106810e-01|            6.962152e-02|
|GRB130830921|23 23 52.8|-51 34 12|2013-08-30 22:06:33.507|  36.352|      5.111770e-01|            4.849720e-02|
|GRB121216419|00 55 31.2|-85 26 24|2012-12-16 10:03:16.450|   9.216|      5.112596e-01|            8.171027e-02|
|GRB111109453|08 54 55.2|-33 21 00|2011-11-09 10:52:32.247|   4.864|      5.114638e-01|            5.246613e-02|
|GRB110412315|08 53 58.1|+13 31 01|2011-04-12 07:33:35.706|  20.733|      5.119192e-01|            2.071665e-02|
|GRB160131116|22 14 45.6|-41 26 24|2016-01-31 02:46:24.933|  34.816|      5.125457e-01|            3.626130e-02|
|GRB180630335|08 52 16.8|-69 56 24|2018-06-30 08:02:59.063|  48.896|      5.126625e-01|            1.967414e-02|
|GRB091109895|16 30 52.8|+42 18 36|2009-11-09 21:28:40.012|  30.977|      5.132452e-01|            3.067733e-02|
|GRB090427688|23 44 48.0|-34 36 00|2009-04-27 16:30:23.809|  12.288|      5.133861e-01|            2.664562e-02|
|GRB151026169|15 12 09.6|-06 07 48|2015-10-26 04:03:06.559|  53.248|      5.134094e-01|            5.910099e-02|
|GRB150912443|16 33 46.3|-21 02 02|2015-09-12 10:37:38.705|  33.537|      5.136192e-01|            2.121709e-02|
|GRB140327065|18 52 28.8|-06 09 00|2014-03-27 01:33:05.848|  11.520|      5.139863e-01|            3.702658e-02|
|GRB091215234|18 53 00.0|+17 33 00|2009-12-15 05:37:26.865|   4.352|      5.142223e-01|            4.573468e-02|
|GRB140304557|02 02 33.9|+33 28 28|2014-03-04 13:22:31.482|  31.232|      5.147697e-01|            2.723873e-02|
|GRB140716306|14 20 55.2|+57 00 36|2014-07-16 07:20:12.701|   3.328|      5.148296e-01|            6.400694e-02|
|GRB080808451|07 09 36.0|-33 48 00|2008-08-08 10:50:03.265|   4.352|      5.152097e-01|            4.448690e-02|
|GRB150809516|23 24 07.2|-16 35 24|2015-08-09 12:22:55.119|  47.361|      5.155321e-01|            1.482986e-02|
|GRB100621452|06 55 19.2|+37 21 00|2010-06-21 10:51:18.259| 122.626|      5.158265e-01|            1.380646e-02|
|GRB180513815|15 01 45.6|+39 27 00|2018-05-13 19:34:02.140|  20.480|      5.164844e-01|            5.092568e-02|
|GRB171022085|16 57 50.4|-21 02 24|2017-10-22 02:03:03.653|  37.633|      5.169817e-01|            2.556479e-02|
|GRB170614255|04 42 12.0|+37 55 48|2017-06-14 06:06:41.453| 122.626|      5.174165e-01|            1.250443e-02|
|GRB100406758|05 11 09.6|+26 51 36|2010-04-06 18:11:25.776|   5.888|      5.174848e-01|            3.868261e-02|
|GRB150804806|22 18 07.2|+27 05 24|2015-08-04 19:21:11.472|  51.201|      5.177351e-01|            1.454517e-02|
|GRB100301223|13 27 24.0|+19 49 48|2010-03-01 05:21:46.188|  26.625|      5.179933e-01|                        |
|GRB131202906|11 18 38.4|+21 15 00|2013-12-02 21:45:20.420|  86.017|      5.184571e-01|            1.159540e-02|
|GRB111010237|05 48 21.6|+43 58 48|2011-10-10 05:40:34.564|  82.433|      5.186813e-01|            1.877291e-02|
|GRB090320801|12 13 36.0|+49 48 00|2009-03-20 19:13:46.096|  29.184|      5.187318e-01|            3.058635e-02|
|GRB140311453|02 36 09.6|-25 13 48|2014-03-11 10:52:04.868|  14.912|      5.187490e-01|            2.790172e-02|
|GRB080927480|04 05 12.0|+27 24 00|2008-09-27 11:30:32.106|  45.313|      5.192623e-01|            2.581695e-02|
|GRB170901007|01 35 52.8|-01 36 00|2017-09-01 00:10:03.019|   5.888|      5.197038e-01|            4.751014e-02|
|GRB160513962|19 15 21.6|+28 21 00|2016-05-13 23:05:03.552|  65.792|      5.197918e-01|            3.924566e-02|
|GRB121028280|03 30 14.4|-25 04 12|2012-10-28 06:43:13.087|  11.008|      5.198530e-01|            3.850215e-02|
|GRB141026742|08 51 16.8|+62 28 48|2014-10-26 17:48:07.097|   2.560|      5.198948e-01|            5.402048e-02|
|GRB090528173|08 59 36.0|-35 48 00|2009-05-28 04:09:01.141|  35.905|      5.202950e-01|            1.469421e-02|
|GRB120212383|02 52 25.2|-18 01 30|2012-02-12 09:11:23.498|   9.216|      5.204825e-01|            4.493294e-02|
|GRB090704242|13 52 49.2|+22 47 24|2009-07-04 05:47:48.185|  69.889|      5.212764e-01|            1.456895e-02|
|GRB120506128|11 28 52.8|-33 43 12|2012-05-06 03:05:02.115|   2.304|      5.213594e-01|            5.204380e-02|
|GRB180524416|09 20 12.0|-39 03 00|2018-05-24 09:58:26.312|  13.312|      5.214263e-01|            4.169840e-02|
|GRB121119579|20 46 36.0|-16 55 12|2012-11-19 13:53:14.134|   2.304|      5.222298e-01|            3.816144e-02|
|GRB180622578|07 06 09.6|+77 06 00|2018-06-22 13:52:42.163|  58.881|      5.224299e-01|            1.081118e-01|
|GRB150911315|23 41 07.2|-02 54 00|2015-09-11 07:32:54.363|  41.728|      5.226918e-01|            3.677516e-02|
|GRB130420343|08 10 43.2|-11 25 48|2013-04-20 08:14:02.257|  38.913|      5.231221e-01|            1.461807e-02|
|GRB090516353|09 13 02.4|-11 51 00|2009-05-16 08:27:58.348| 123.138|      5.239307e-01|            1.181493e-02|
|GRB170804911|17 25 02.4|+34 08 24|2017-08-04 21:52:21.457|  26.368|      5.241982e-01|            2.526829e-02|
|GRB171007498|09 02 10.6|+42 50 56|2017-10-07 11:57:39.904|   3.456|      5.244425e-01|            7.975160e-02|
|GRB111107035|08 37 54.7|-66 31 12|2011-11-07 00:50:25.484|  12.032|      5.257196e-01|            4.150260e-02|
|GRB100204024|03 23 07.2|-47 53 24|2010-02-04 00:33:53.545|  49.665|      5.269974e-01|            1.190656e-02|
|GRB101205309|21 28 24.0|-39 06 00|2010-12-05 07:24:24.862|   7.936|      5.274796e-01|            7.520127e-02|
|GRB160908136|16 06 02.4|+02 23 24|2016-09-08 03:15:23.845| 156.672|      5.275688e-01|            2.922619e-02|
|GRB120819048|11 26 09.6|+49 25 12|2012-08-19 01:08:26.765|  66.304|      5.284251e-01|            3.263098e-02|
|GRB091123081|22 31 16.8|+13 21 00|2009-11-23 01:55:59.753|  15.552|      5.288039e-01|            3.871512e-02|
|GRB180524920|05 35 00.0|+30 06 36|2018-05-24 22:05:02.372|   4.096|      5.288181e-01|            4.768738e-02|
|GRB150922718|06 02 14.4|+21 00 36|2015-09-22 17:13:42.887|  15.872|      5.294116e-01|            5.685730e-02|
|GRB131030791|12 25 09.6|-05 20 24|2013-10-30 18:59:45.772|  27.392|      5.296615e-01|            2.063173e-02|
|GRB101101744|00 54 12.0|+45 45 00|2010-11-01 17:51:34.024|   3.328|      5.300107e-01|            4.297983e-02|
|GRB090228976|23 50 24.0|+36 42 00|2009-02-28 23:25:01.023|   7.936|      5.307391e-01|            4.234566e-02|
|GRB091002685|02 47 40.8|-14 00 36|2009-10-02 16:26:11.164|   2.752|      5.310632e-01|            6.121734e-02|
|GRB120403857|03 41 21.2|-89 00 33|2012-04-03 20:33:58.493|   4.288|      5.314124e-01|            7.871507e-02|
|GRB180622273|13 26 14.4|-76 24 00|2018-06-22 06:32:42.498|  13.568|      5.325047e-01|            3.620417e-02|
|GRB151218857|00 37 48.0|-30 43 48|2015-12-18 20:33:31.902|   3.328|      5.330526e-01|            4.911296e-02|
|GRB161230511|21 36 26.4|-08 58 48|2016-12-30 12:16:08.269|  48.896|      5.331881e-01|            2.724829e-02|
|GRB140916234|04 00 04.8|-10 15 36|2014-09-16 05:36:49.805|  31.233|      5.333717e-01|            2.475392e-02|
|GRB091219462|19 37 57.6|+71 54 36|2009-12-19 11:04:45.495|   8.128|      5.334878e-01|            3.594868e-02|
|GRB180517309|18 57 33.6|+32 02 24|2018-05-17 07:24:21.380|  41.728|      5.335150e-01|            3.774236e-02|
|GRB120114681|21 11 37.0|+57 02 09|2012-01-14 16:20:05.680|  43.264|      5.338944e-01|            3.532956e-02|
|GRB160929529|22 40 55.2|+22 47 24|2016-09-29 12:41:28.363|   4.608|      5.341705e-01|            4.453052e-02|
|GRB110413938|23 30 40.8|+32 19 48|2011-04-13 22:31:09.160|  54.272|      5.353255e-01|            4.144654e-02|
|GRB140628704|23 56 36.0|+31 33 36|2014-06-28 16:53:18.980|  75.520|      5.354617e-01|            3.637731e-02|
|GRB150928359|05 35 07.2|+34 14 24|2015-09-28 08:37:19.023|  53.504|      5.360646e-01|            2.004249e-02|
|GRB170212034|10 20 24.0|-01 28 48|2017-02-12 00:49:00.258|  15.872|      5.360811e-01|            3.670827e-02|
|GRB100330856|21 45 31.2|-06 58 12|2010-03-30 20:32:48.269|   5.120|      5.364692e-01|            7.527246e-02|
|GRB110220761|12 21 57.6|+16 34 48|2011-02-20 18:16:21.629|  33.024|      5.366036e-01|            2.938567e-02|
|GRB171025213|15 30 38.4|+42 21 00|2017-10-25 05:06:54.146|   6.400|      5.367672e-01|            6.482392e-02|
|GRB170414551|02 54 00.0|+75 53 24|2017-04-14 13:13:16.214|  45.824|      5.368443e-01|            3.323106e-02|
|GRB111107076|21 01 50.4|-38 31 48|2011-11-07 01:49:46.021|  77.185|      5.372851e-01|            1.315865e-02|
|GRB150211239|22 26 14.4|+38 58 48|2015-02-11 05:44:16.828|  18.432|      5.374960e-01|            5.272070e-02|
|GRB170113420|04 06 56.4|-71 55 59|2017-01-13 10:04:10.110|  49.152|      5.382817e-01|            6.200150e-02|
|GRB140427702|08 47 38.4|+27 29 24|2014-04-27 16:50:21.070|  13.312|      5.383986e-01|            9.167896e-02|
|GRB140825328|22 51 21.6|+31 05 24|2014-08-25 07:52:45.567|  78.593|      5.385637e-01|            1.424718e-02|
|GRB111010899|05 08 04.8|-14 57 36|2011-10-10 21:34:13.677|  18.560|      5.388825e-01|            5.040222e-02|
|GRB090225009|23 52 48.0|+61 00 00|2009-02-25 00:12:23.978|   2.176|      5.390719e-01|            8.109973e-02|
|GRB170722525|03 20 09.6|+14 17 24|2017-07-22 12:36:13.827|  37.376|      5.391029e-01|            2.004184e-02|
|GRB120426585|19 01 57.6|-13 40 48|2012-04-26 14:02:22.355|  30.973|      5.392312e-01|            1.732512e-02|
|GRB170219110|05 14 45.6|-41 13 48|2017-02-19 02:38:04.751|  10.240|      5.392539e-01|            4.260203e-02|
|GRB121005340|09 58 55.2|+25 24 00|2012-10-05 08:09:12.865| 141.568|      5.395729e-01|            1.800068e-02|
|GRB111124308|06 16 14.4|+04 37 48|2011-11-24 07:24:10.086|   8.960|      5.402117e-01|            4.828920e-02|
|GRB140630505|01 50 19.2|+47 43 48|2014-06-30 12:07:52.823|  63.745|      5.405139e-01|            1.182889e-02|
|GRB170115662|05 26 14.4|-18 40 12|2017-01-15 15:52:36.933| 120.320|      5.406718e-01|            1.628171e-02|
|GRB170813051|13 24 13.9|-05 29 27|2017-08-13 01:13:08.803| 111.872|      5.408587e-01|            2.165625e-02|
|GRB100130777|05 14 16.8|+20 49 48|2010-01-30 18:38:35.463|  86.018|      5.411782e-01|            1.296095e-02|
|GRB160519060|09 12 28.8|-33 01 48|2016-05-19 01:26:39.188|  17.664|      5.430297e-01|            2.250990e-02|
|GRB110227229|01 40 57.6|+15 53 24|2011-02-27 05:30:10.822|  18.432|      5.430462e-01|            2.828598e-02|
|GRB131002288|16 52 51.8|+82 03 13|2013-10-02 06:55:06.994|  55.040|      5.433381e-01|            9.723733e-02|
|GRB170130302|18 04 12.0|-29 06 36|2017-01-30 07:14:44.681|  50.177|      5.435411e-01|            2.012681e-02|
|GRB110207959|11 56 00.0|-58 25 48|2011-02-07 23:00:26.406|   7.680|      5.436594e-01|            7.509572e-02|
|GRB160917921|09 42 43.2|+22 57 00|2016-09-17 22:05:37.713|  10.752|      5.436706e-01|            6.083823e-02|
|GRB100517154|16 14 21.6|-10 22 12|2010-05-17 03:42:08.055|  30.464|      5.440853e-01|            3.041355e-02|
|GRB121211574|13 02 10.6|+30 09 40|2012-12-11 13:47:03.590|   5.632|      5.444812e-01|            4.885582e-02|
|GRB110106893|08 56 47.0|+46 59 53|2011-01-06 21:26:16.078|  35.521|      5.444956e-01|            2.938382e-02|
|GRB160827616|08 36 14.4|+06 22 48|2016-08-27 14:46:27.930|   6.400|      5.446501e-01|            5.240218e-02|
|GRB120420858|07 17 02.4|+10 45 36|2012-04-20 20:35:13.070| 254.913|      5.448530e-01|            1.583205e-02|
|GRB090810659|11 15 43.2|-76 24 00|2009-08-10 15:49:07.822| 125.182|      5.457384e-01|            2.033090e-02|
|GRB140901262|07 28 44.2|-29 12 32|2014-09-01 06:17:22.787|  65.025|      5.460639e-01|            3.112055e-02|
|GRB110119931|23 14 13.9|+05 59 15|2011-01-19 22:21:00.168| 205.828|      5.461721e-01|            1.372353e-02|
|GRB101008697|21 55 30.0|+37 04 02|2010-10-08 16:43:15.609|   8.960|      5.465134e-01|            3.817609e-02|
|GRB080905705|20 06 48.0|-62 36 00|2008-09-05 16:55:46.843| 105.984|      5.466405e-01|            3.335114e-02|
|GRB171112868|01 21 52.1|-59 40 41|2017-11-12 20:50:17.151| 302.789|      5.468809e-01|            1.298234e-02|
|GRB150613995|15 14 09.6|-07 04 12|2015-06-13 23:52:36.481|  46.593|      5.469222e-01|            1.721992e-02|
|GRB140311885|16 49 09.8|+52 44 49|2014-03-11 21:14:35.646|  72.193|      5.471729e-01|            1.661313e-02|
|GRB170310883|10 26 43.2|+41 33 36|2017-03-10 21:11:43.643|  18.176|      5.475244e-01|            4.484906e-02|
|GRB140216331|12 56 09.6|+31 27 36|2014-02-16 07:56:04.592|   2.432|      5.477766e-01|            5.742412e-02|
|GRB150712846|01 21 00.0|-38 27 36|2015-07-12 20:18:18.641|  59.648|      5.478174e-01|            3.137057e-02|
|GRB090509215|16 05 36.0|-28 24 00|2009-05-09 05:10:05.716| 282.372|      5.478522e-01|            2.766442e-02|
|GRB100605774|18 13 43.2|-67 36 00|2010-06-05 18:35:10.744|   8.192|      5.481160e-01|            4.332534e-02|
|GRB120415076|14 14 09.6|+16 43 48|2012-04-15 01:49:57.682|  12.544|      5.489690e-01|            2.749290e-02|
|GRB091005679|02 52 33.6|+12 07 12|2009-10-05 16:17:30.491|   6.976|      5.490051e-01|            3.531670e-02|
|GRB080714086|02 47 36.0|+08 30 00|2008-07-14 02:04:12.053|   5.376|      5.500342e-01|            5.101824e-02|
|GRB110206202|22 14 48.0|+01 36 36|2011-02-06 04:50:36.061|  12.288|      5.502161e-01|            6.019277e-02|
|GRB121221916|14 17 02.4|+33 33 00|2012-12-21 21:59:29.970|  38.913|      5.509017e-01|            2.018052e-02|
|GRB120520949|03 03 26.4|+35 16 48|2012-05-20 22:46:24.663|   5.760|      5.510479e-01|            4.375750e-02|
|GRB090409288|20 08 24.0|+01 06 00|2009-04-09 06:54:01.442|  30.337|      5.519295e-01|            7.186816e-02|
|GRB120703498|14 02 02.4|+46 15 36|2012-07-03 11:56:56.870|  77.568|      5.520404e-01|            5.097215e-02|
|GRB140825980|17 37 57.6|-06 55 12|2014-08-25 23:30:52.876|  16.384|      5.522898e-01|            5.870137e-02|
|GRB110725236|18 00 33.6|-25 12 00|2011-07-25 05:39:42.059|  20.224|      5.526252e-01|            3.217214e-02|
|GRB170710340|02 52 29.3|+42 40 44|2017-07-10 08:10:07.996|  42.240|      5.526257e-01|            2.281128e-02|
|GRB100620119|05 20 24.0|-51 40 48|2010-06-20 02:51:29.113|  51.841|      5.528277e-01|            2.851442e-02|
|GRB161112496|18 35 16.8|+08 34 48|2016-11-12 11:54:29.901|  71.422|      5.529210e-01|            2.316646e-02|
|GRB161125931|03 57 26.4|+28 07 48|2016-11-25 22:20:20.725|  69.633|      5.529299e-01|            1.796965e-02|
|GRB090725838|18 47 31.2|-69 29 24|2009-07-25 20:06:20.552|  13.760|      5.533521e-01|            2.962710e-02|
|GRB110529811|22 42 28.8|+01 51 36|2011-05-29 19:27:12.763|  34.816|      5.538737e-01|            2.176978e-02|
|GRB101224998|21 40 40.8|-38 39 36|2010-12-24 23:57:34.942|  18.688|      5.540594e-01|            4.066877e-02|
|GRB120411925|02 32 16.8|-07 14 24|2012-04-11 22:12:25.650|  38.912|      5.544540e-01|            3.491820e-02|
|GRB100219026|22 03 43.2|+37 47 24|2010-02-19 00:37:14.760|  59.712|      5.546369e-01|            3.484923e-02|
|GRB170705200|23 58 02.4|-21 56 24|2017-07-05 04:48:30.104|  27.648|      5.546772e-01|            1.954901e-02|
|GRB170130510|20 35 00.0|+01 26 24|2017-01-30 12:13:48.167| 101.122|      5.548737e-01|            1.503809e-02|
|GRB120222119|22 40 00.0|-36 24 36|2012-02-22 02:51:54.086|  29.440|      5.551465e-01|            3.462309e-02|
|GRB140211091|07 43 21.6|-13 35 24|2014-02-11 02:10:41.163|   3.456|      5.551707e-01|            5.095256e-02|
|GRB170318644|18 57 13.4|+06 17 55|2017-03-18 15:27:53.088|   4.096|      5.553318e-01|            7.890316e-02|
|GRB120114433|17 32 55.2|-75 38 24|2012-01-14 10:23:39.215|   2.752|      5.557554e-01|            1.001126e-01|
|GRB090326633|17 18 48.0|-07 24 00|2009-03-26 15:10:49.485|  16.128|      5.558853e-01|            2.943308e-02|
|GRB120909070|18 22 57.6|-59 27 00|2012-09-09 01:41:22.398| 112.066|      5.559643e-01|            1.093113e-02|
|GRB130924255|01 55 04.8|-07 08 24|2013-09-24 06:06:49.080|  37.120|      5.561978e-01|            2.616740e-02|
|GRB121031949|11 23 05.0|-03 30 40|2012-10-31 22:47:15.267| 242.436|      5.563753e-01|            1.375242e-02|
|GRB140612294|17 49 31.2|-64 06 36|2014-06-12 07:03:33.313|  38.913|      5.564931e-01|            1.677011e-02|
|GRB160219673|15 52 07.2|+33 40 12|2016-02-19 16:09:47.035| 144.386|      5.565116e-01|            1.297540e-02|
|GRB090320045|07 13 12.0|-43 18 00|2009-03-20 01:05:10.527|   2.368|      5.569922e-01|            6.807169e-02|
|GRB130502743|09 14 16.6|-00 07 24|2013-05-02 17:50:30.741|   3.328|      5.570008e-01|            7.057470e-02|
|GRB090817036|04 15 51.8|+44 07 24|2009-08-17 00:51:26.206|  52.417|      5.578067e-01|            2.769911e-02|
|GRB120728934|09 08 22.8|-54 26 18|2012-07-28 22:25:12.737|  32.768|      5.585116e-01|            2.214151e-02|
|GRB080924766|04 51 12.0|+32 30 00|2008-09-24 18:22:36.844|  39.937|      5.594904e-01|            2.047326e-02|
|GRB090310189|12 19 36.0|-34 12 00|2009-03-10 04:32:49.902| 116.930|      5.604338e-01|            1.877266e-02|
|GRB120715066|18 08 36.0|+58 47 24|2012-07-15 01:35:15.573|  29.696|      5.606226e-01|            3.263796e-02|
|GRB170627931|02 26 04.8|-58 42 00|2017-06-27 22:21:00.507|  17.152|      5.606923e-01|            2.931585e-02|
|GRB161214722|00 15 24.0|+07 20 31|2016-12-14 17:20:11.225|  22.528|      5.607309e-01|            2.217770e-02|
|GRB180306973|01 25 04.8|-20 18 00|2018-03-06 23:20:33.933|  39.680|      5.610812e-01|            3.340003e-02|
|GRB111010709|04 39 12.0|+41 52 48|2011-10-10 17:00:35.288|  52.993|      5.613266e-01|            9.660976e-03|
|GRB090319622|18 53 12.0|-08 54 00|2009-03-19 14:55:35.222|  54.785|      5.615962e-01|            1.743387e-02|
|GRB131028096|22 13 36.0|-56 56 24|2013-10-28 02:17:51.432|  14.336|      5.616590e-01|            3.784487e-02|
|GRB080831921|17 16 24.0|-23 12 00|2008-08-31 22:06:23.165|  74.497|      5.617494e-01|            3.651116e-02|
|GRB160131174|07 32 07.2|+15 29 24|2016-01-31 04:09:56.714| 205.315|      5.623491e-01|            1.880570e-02|
|GRB160119072|15 27 57.6|+47 10 12|2016-01-19 01:44:12.563|  23.296|      5.624473e-01|            7.095694e-02|
|GRB130530719|10 43 48.0|+25 13 48|2013-05-30 17:15:23.006|  58.621|      5.626720e-01|            1.595444e-02|
|GRB090908314|18 49 00.0|+03 32 24|2009-09-08 07:31:52.087|  71.937|      5.628023e-01|            3.361660e-02|
|GRB160508290|01 54 48.0|+36 16 48|2016-05-08 06:57:59.649|  11.008|      5.641315e-01|            3.068196e-02|
|GRB090511684|10 47 36.0|+51 18 00|2009-05-11 16:25:16.372|   7.616|      5.642371e-01|            4.064572e-02|
|GRB140106345|00 09 21.6|-08 45 00|2014-01-06 08:16:43.357|  33.024|      5.644044e-01|            3.244795e-02|
|GRB100304004|05 04 48.0|+60 27 36|2010-03-04 00:05:20.714| 181.507|      5.644304e-01|            2.471751e-02|
|GRB170131969|22 45 47.3|+64 00 22|2017-01-31 23:14:59.358|  23.040|      5.654761e-01|            1.888280e-02|
|GRB140304849|23 36 43.2|-27 01 48|2014-03-04 20:22:30.144| 232.708|      5.657946e-01|            1.608607e-02|
|GRB090920035|19 58 55.2|-52 11 24|2009-09-20 00:49:59.062|  26.624|      5.659733e-01|            3.831891e-02|
|GRB091026485|09 08 19.2|-23 39 00|2009-10-26 11:38:48.522|   3.328|      5.660090e-01|            3.774368e-02|
|GRB151228949|22 57 41.8|+08 04 54|2015-12-28 22:47:12.589|  28.672|      5.660168e-01|            2.656072e-02|
|GRB080905570|06 27 36.0|-69 48 00|2008-09-05 13:41:29.376|  26.624|      5.664765e-01|            2.517354e-02|
|GRB090419997|05 54 24.0|+31 18 00|2009-04-19 23:55:05.051| 184.323|      5.665160e-01|            1.209080e-02|
|GRB120915474|18 54 14.4|-01 06 36|2012-09-15 11:22:04.221|   5.888|      5.670183e-01|            4.390163e-02|
|GRB100730463|22 39 09.6|-22 13 48|2010-07-30 11:06:14.968|  63.873|      5.674167e-01|            1.688677e-02|
|GRB100506653|06 48 33.6|+58 35 24|2010-05-06 15:39:49.295|  21.376|      5.676570e-01|            2.592966e-02|
|GRB130118482|18 33 12.0|+40 58 48|2013-01-18 11:33:29.360|  21.568|      5.680269e-01|            4.220018e-02|
|GRB110509142|12 03 14.4|-34 00 00|2011-05-09 03:24:38.793|  68.864|      5.685085e-01|            2.435793e-02|
|GRB101206036|10 56 19.2|-38 06 36|2010-12-06 00:52:17.530|  34.813|      5.687391e-01|            2.229572e-02|
|GRB150708339|20 34 14.4|-39 21 36|2015-07-08 08:08:46.077|  95.234|      5.700168e-01|            1.259861e-02|
|GRB080913735|03 00 24.0|-03 00 00|2008-09-13 17:38:31.419|  41.217|      5.701623e-01|            2.679935e-02|
|GRB160522445|06 58 48.0|+21 11 24|2016-05-22 10:41:01.252|  43.777|      5.701815e-01|            1.763176e-02|
|GRB170923188|14 46 07.2|+81 12 36|2017-09-23 04:31:05.437|  59.454|      5.709289e-01|            2.397230e-02|
|GRB131125689|07 38 42.0|+48 24 50|2013-11-25 16:32:51.048|   3.008|      5.711043e-01|            8.994173e-02|
|GRB111208353|19 20 36.0|+40 40 08|2011-12-08 08:28:10.789|  40.961|      5.711445e-01|            2.078795e-02|
|GRB110217591|18 18 57.6|+32 21 00|2011-02-17 14:10:46.531|  60.672|      5.712038e-01|            7.327823e-02|
|GRB100212588|23 45 40.8|+49 29 24|2010-02-12 14:07:22.295|   4.864|      5.714849e-01|            6.559326e-02|
|GRB120120432|08 58 52.8|+35 28 12|2012-01-20 10:21:25.415|  32.256|      5.718988e-01|            2.882576e-02|
|GRB120830702|07 20 07.2|+17 31 48|2012-08-30 16:51:36.680|  49.665|      5.719396e-01|            1.749945e-02|
|GRB090428552|00 03 12.0|+11 30 00|2009-04-28 13:15:11.055|  31.488|      5.729739e-01|            1.997031e-02|
|GRB101003244|11 43 24.0|+02 29 24|2010-10-03 05:51:08.008|   9.984|      5.737510e-01|            3.111063e-02|
|GRB180127049|01 21 55.2|+25 47 24|2018-01-27 01:11:12.914|  34.817|      5.747242e-01|            3.372067e-02|
|GRB090513916|17 59 12.0|-31 36 00|2009-05-13 21:58:47.920|  25.280|      5.753228e-01|            2.672153e-02|
|GRB110522256|15 15 38.4|+55 31 48|2011-05-22 06:08:17.449|  28.160|      5.755962e-01|            2.847295e-02|
|GRB091017861|14 03 12.0|+25 29 24|2009-10-17 20:40:24.297|   2.624|      5.760736e-01|            4.703717e-02|
|GRB160101215|00 05 26.4|+55 13 48|2016-01-01 05:10:12.860|  22.013|      5.764535e-01|            3.055573e-02|
|GRB110812899|05 11 02.4|+01 42 36|2011-08-12 21:35:08.607|  11.264|      5.773912e-01|            3.359502e-02|
|GRB090514734|21 04 08.0|-43 58 00|2009-05-14 17:36:55.293|  54.401|      5.774390e-01|            1.971611e-02|
|GRB091123298|19 48 26.4|-29 10 48|2009-11-23 07:08:37.260| 624.459|      5.777876e-01|            7.275023e-03|
|GRB180423266|05 25 12.0|-27 15 36|2018-04-23 06:23:40.761|   3.328|      5.778242e-01|            6.466669e-02|
|GRB130528695|09 14 57.1|+87 16 12|2013-05-28 16:41:24.409|  55.553|      5.784250e-01|            1.183078e-02|
|GRB100725475|19 20 07.9|+76 57 23|2010-07-25 11:24:34.893| 146.434|      5.789334e-01|            2.577314e-02|
|GRB150726877|17 37 31.2|-36 12 00|2015-07-26 21:02:30.541|  46.849|      5.790133e-01|            1.354730e-02|
|GRB150523690|13 29 04.8|-39 12 00|2015-05-23 16:33:56.768| 114.690|      5.795071e-01|            5.286302e-02|
|GRB090316311|17 04 24.0|-38 54 00|2009-03-16 07:27:42.447|  10.240|      5.795639e-01|            4.281014e-02|
|GRB160625230|20 58 07.2|-73 15 36|2016-06-25 05:31:55.386|  43.265|      5.798629e-01|            1.996689e-02|
|GRB151211672|17 29 57.6|+39 15 36|2015-12-11 16:07:34.520|  40.897|      5.799757e-01|            1.484286e-02|
|GRB150501017|03 20 00.0|-15 34 12|2015-05-01 00:24:08.145|   9.728|      5.806686e-01|            3.192251e-02|
|GRB140124527|04 16 43.2|+38 28 48|2014-01-24 12:38:31.193| 121.538|      5.806767e-01|            1.158556e-02|
|GRB110729142|23 33 33.6|+04 58 12|2011-07-29 03:25:05.929| 408.582|      5.808096e-01|            5.650202e-02|
|GRB161228032|07 43 16.8|+25 45 36|2016-12-28 00:46:19.625|  39.937|      5.812952e-01|            1.864142e-02|
|GRB130723092|14 31 04.8|-16 51 36|2013-07-23 02:12:34.122|   8.192|      5.821239e-01|            4.696804e-02|
|GRB180528371|18 58 40.8|-65 01 12|2018-05-28 08:53:42.356|  16.896|      5.823337e-01|            5.313340e-02|
|GRB110522296|12 17 50.4|+49 19 48|2011-05-22 07:06:01.931|  27.136|      5.823882e-01|            3.939008e-02|
|GRB110930564|12 29 14.4|-53 39 36|2011-09-30 13:32:31.189|  37.889|      5.832242e-01|            3.003462e-02|
|GRB111010660|12 14 09.6|-31 42 00|2011-10-10 15:50:21.797|   8.704|      5.833318e-01|            4.405039e-02|
|GRB150313657|15 51 26.4|-47 51 00|2015-03-13 15:46:42.061|   5.120|      5.834232e-01|            5.155308e-02|
|GRB170412917|13 27 00.0|+25 16 48|2017-04-12 22:00:47.164|  81.601|      5.841343e-01|            1.086572e-02|
|GRB150120685|03 12 26.4|+26 56 24|2015-01-20 16:26:17.465|  56.832|      5.847957e-01|                        |
|GRB080823363|05 59 12.0|-42 24 00|2008-08-23 08:42:13.143|  43.456|      5.850301e-01|            1.863207e-02|
|GRB140701567|23 25 48.0|-28 39 36|2014-07-01 13:36:11.074|  25.088|      5.855395e-01|            3.781212e-02|
|GRB100424729|16 26 52.8|-48 51 00|2010-04-24 17:30:10.128| 175.363|      5.858552e-01|            1.958183e-02|
|GRB090513941|06 36 24.0|-72 54 00|2009-05-13 22:35:35.340|  11.776|      5.866637e-01|            9.852913e-02|
|GRB131204937|20 38 40.8|-69 40 12|2013-12-04 22:28:57.787|  29.952|      5.867122e-01|            3.402233e-02|
|GRB170306130|10 31 31.2|+27 45 00|2017-03-06 03:07:17.917|  32.257|      5.869168e-01|            2.145378e-02|
|GRB160221993|15 28 19.7|-28 26 01|2016-02-21 23:49:45.218|  11.520|      5.872484e-01|            3.883816e-02|
|GRB140227738|15 41 14.4|+31 33 00|2014-02-27 17:43:06.586|  17.152|      5.873738e-01|            1.040001e-01|
|GRB160912350|12 13 09.6|-60 02 24|2016-09-12 08:24:10.601|  32.705|      5.880535e-01|            2.145695e-02|
|GRB090519462|07 03 36.0|-56 42 00|2009-05-19 11:05:27.545|  91.329|      5.880836e-01|            5.044840e-02|
|GRB090915650|15 52 04.8|+15 29 16|2009-09-15 15:35:35.651|  76.609|      5.888516e-01|            2.779889e-02|
|GRB151118554|19 31 55.2|+43 24 00|2015-11-18 13:18:05.276|  40.897|      5.888782e-01|            2.090997e-02|
|GRB130811186|12 51 33.6|-17 02 24|2013-08-11 04:28:01.687|  44.801|      5.893187e-01|            1.689806e-02|
|GRB120224898|22 04 14.4|+10 10 48|2012-02-24 21:33:07.385|  29.184|      5.903559e-01|            2.388848e-02|
|GRB150226948|10 31 02.4|+18 22 12|2015-02-26 22:45:49.000|  32.768|      5.917872e-01|            5.542579e-02|
|GRB170428136|00 19 02.4|+56 13 48|2017-04-28 03:16:17.458|  27.648|      5.920911e-01|            3.367532e-02|
|GRB140423356|13 09 09.4|+49 50 32|2014-04-23 08:32:38.541|  95.233|      5.923995e-01|            1.246692e-02|
|GRB110117364|08 43 28.8|+47 35 24|2011-01-17 08:44:50.803|  72.448|      5.924979e-01|            7.500686e-02|
|GRB141206254|21 22 14.4|+02 25 12|2014-12-06 06:05:51.710|   4.608|      5.930591e-01|            5.642297e-02|
|GRB150511362|06 04 43.2|-30 21 00|2015-05-11 08:41:57.502|  31.232|      5.931077e-01|            2.394840e-02|
|GRB160609941|04 41 09.6|-51 07 48|2016-06-09 22:34:51.217|  60.160|      5.933756e-01|            4.944263e-02|
|GRB100819498|18 38 24.0|-50 02 24|2010-08-19 11:56:35.262|  12.544|      5.935286e-01|            2.814596e-02|
|GRB170830135|17 48 58.6|-02 00 00|2017-08-30 03:14:01.949| 117.250|      5.935322e-01|            2.217151e-02|
|GRB151023104|23 58 57.6|-17 09 00|2015-10-23 02:29:25.137|  10.240|      5.939717e-01|            4.429809e-02|
|GRB081006604|09 28 00.0|-67 24 00|2008-10-06 14:29:34.173|   6.400|      5.943869e-01|            5.818183e-02|
|GRB130507545|21 18 57.6|-20 31 48|2013-05-07 13:04:37.981|  60.160|      5.954957e-01|            2.428320e-02|
|GRB100922625|23 47 55.2|-25 11 24|2010-09-22 14:59:43.009|   4.352|      5.957950e-01|            7.075252e-02|
|GRB170903534|16 58 07.7|+34 59 06|2017-09-03 12:49:07.789|  25.600|      5.964453e-01|            2.879240e-02|
|GRB091230712|03 26 36.0|+77 10 12|2009-12-30 17:05:14.017|  35.137|      5.968857e-01|            4.363239e-02|
|GRB160628136|05 51 40.8|+38 10 12|2016-06-28 03:16:21.288|   5.888|      5.971803e-01|            4.648698e-02|
|GRB170705244|15 50 26.4|-07 25 48|2017-07-05 05:50:45.357|   5.888|      5.981059e-01|            5.216715e-02|
|GRB170829414|22 40 19.2|-28 13 48|2017-08-29 09:56:30.579|  51.457|      5.982554e-01|            1.321983e-02|
|GRB161210524|18 52 28.8|+63 03 00|2016-12-10 12:33:54.354|   2.304|      5.982981e-01|            5.349009e-02|
|GRB150802207|13 26 09.6|+17 10 48|2015-08-02 04:57:42.354|   9.984|      5.988985e-01|            3.230313e-02|
|GRB170803415|23 30 45.6|-46 19 48|2017-08-03 09:57:44.256|  66.816|      5.993046e-01|            1.273124e-02|
|GRB121011469|17 20 48.0|+41 08 13|2012-10-11 11:15:25.697|  65.793|      5.993862e-01|            2.028532e-02|
|GRB130611538|15 55 21.6|-25 13 48|2013-06-11 12:54:20.870|  66.816|      5.995778e-01|            1.812303e-02|
|GRB170726794|19 51 07.2|+06 37 12|2017-07-26 19:02:59.976|  78.080|      6.003945e-01|            1.718697e-02|
|GRB130106829|04 26 40.8|+29 44 24|2013-01-06 19:53:22.071|  11.264|      6.013964e-01|            2.670739e-02|
|GRB170825784|07 45 16.8|-48 43 12|2017-08-25 18:49:11.041|  65.024|      6.014706e-01|            1.826329e-02|
|GRB150206285|23 51 45.6|-61 36 36|2015-02-06 06:50:10.688|  23.296|      6.015540e-01|            2.579671e-02|
|GRB111018595|07 04 19.2|+66 08 24|2011-10-18 14:16:48.868|   8.192|      6.019810e-01|            4.689973e-02|
|GRB160818198|06 57 12.0|-19 13 12|2016-08-18 04:44:52.897|   6.400|      6.033120e-01|            3.180322e-02|
|GRB140404900|06 47 14.4|-06 57 00|2014-04-04 21:36:17.620|  22.784|      6.034038e-01|            1.751772e-02|
|GRB121005030|13 00 40.8|-02 05 24|2012-10-05 00:42:51.889|  96.768|      6.035764e-01|            5.419892e-02|
|GRB170629537|08 40 03.8|-46 35 13|2017-06-29 12:53:31.627|  28.160|      6.037317e-01|            1.738270e-02|
|GRB180112842|11 35 40.8|+23 03 36|2018-01-12 20:12:28.340|   9.472|      6.039625e-01|            3.786736e-02|
|GRB110726211|21 10 50.4|+02 28 12|2011-07-26 05:03:59.487|  29.953|      6.040105e-01|            1.989198e-02|
|GRB160804775|04 48 40.8|+41 16 48|2016-08-04 18:35:18.069| 151.808|      6.042124e-01|            1.435090e-02|
|GRB100207665|20 31 26.4|-27 43 48|2010-02-07 15:57:54.765|  15.360|      6.049781e-01|            5.827807e-02|
|GRB100510810|23 43 12.0|-35 36 00|2010-05-10 19:27:06.969|  31.169|      6.050539e-01|            3.306794e-02|
|GRB130623699|18 58 43.2|+10 40 12|2013-06-23 16:46:23.789|   7.680|      6.053118e-01|            9.561904e-02|
|GRB080803772|20 00 24.0|+82 48 00|2008-08-03 18:31:22.041|  26.240|      6.053948e-01|            2.165185e-02|
|GRB120224282|07 53 40.8|+41 20 24|2012-02-24 06:46:28.523|  60.929|      6.060505e-01|            1.836344e-02|
|GRB150226545|03 24 24.0|+28 28 48|2015-02-26 13:05:23.154| 174.595|      6.061175e-01|            1.333397e-02|
|GRB110226989|13 17 09.6|+35 46 12|2011-02-26 23:44:31.133|  14.080|      6.068747e-01|            2.632907e-02|
|GRB100829374|07 41 48.0|-03 59 24|2010-08-29 08:59:07.023|  94.977|      6.069648e-01|            1.540530e-02|
|GRB130208684|12 06 24.0|+50 55 48|2013-02-08 16:24:23.836|  41.472|      6.070566e-01|            2.971208e-02|
|GRB120118898|11 06 16.8|+47 52 12|2012-01-18 21:32:45.806|  17.152|      6.070601e-01|            3.451088e-02|
|GRB091023021|14 21 40.8|+25 57 00|2009-10-23 00:29:44.545|   6.528|      6.070783e-01|            5.600846e-02|
|GRB140223495|09 24 28.8|-30 24 00|2014-02-23 11:53:06.119|  17.408|      6.076515e-01|            3.751228e-02|
|GRB120703417|04 37 57.6|+34 44 24|2012-07-03 10:01:11.688|  64.513|      6.085690e-01|            1.199636e-02|
|GRB151026523|07 09 33.6|-73 19 12|2015-10-26 12:32:38.939|  63.232|      6.092603e-01|            3.399713e-02|
|GRB110923835|21 33 36.0|-10 53 24|2011-09-23 20:01:58.134|  46.398|      6.099079e-01|            2.253335e-02|
|GRB130626596|01 39 33.6|+04 55 48|2013-06-26 14:17:32.492|  28.160|      6.101804e-01|            2.084945e-02|
|GRB130406354|09 12 50.4|+42 49 48|2013-04-06 08:29:36.580|   2.560|      6.102221e-01|            6.464942e-02|
|GRB180306479|12 40 50.4|-14 08 24|2018-03-06 11:29:27.951|  63.488|      6.105854e-01|            8.751196e-02|
|GRB151001348|16 26 57.6|-10 08 24|2015-10-01 08:20:35.169| 377.862|      6.135184e-01|            1.034431e-02|
|GRB130307238|21 18 04.8|+10 46 12|2013-03-07 05:42:19.325|  63.488|      6.139570e-01|            2.482617e-02|
|GRB110205588|20 50 45.6|-55 51 00|2011-02-05 14:07:20.012| 158.720|      6.140622e-01|            5.126436e-02|
|GRB090529310|15 24 48.0|+32 12 00|2009-05-29 07:26:22.411|   3.072|      6.143236e-01|            3.167115e-02|
|GRB170419983|17 39 28.8|-11 13 48|2017-04-19 23:36:14.876|  12.541|      6.148992e-01|            3.109044e-02|
|GRB141031304|08 34 25.9|-59 10 06|2014-10-31 07:18:21.669|  19.456|      6.153961e-01|            2.250797e-02|
|GRB180706351|12 06 34.3|+66 02 12|2018-07-06 08:25:09.026|  38.144|      6.164785e-01|            1.683024e-02|
|GRB100517072|06 43 43.2|-28 59 24|2010-05-17 01:43:08.108|  55.808|      6.167250e-01|            1.592782e-02|
|GRB120203812|22 37 12.0|-46 35 24|2012-02-03 19:29:23.976|  10.240|      6.169241e-01|            5.258612e-02|
|GRB101220864|00 10 48.0|+27 12 00|2010-12-20 20:43:54.119|  31.745|      6.173669e-01|            1.921598e-02|
|GRB170717952|22 30 45.6|+41 06 36|2017-07-17 22:51:21.950|  11.776|      6.175719e-01|            4.961247e-02|
|GRB090829702|23 39 57.6|-09 21 36|2009-08-29 16:50:40.133| 101.633|      6.192015e-01|            1.931953e-02|
|GRB120511638|15 07 43.2|-60 29 24|2012-05-11 15:18:47.916|  45.249|      6.196473e-01|            2.038345e-02|
|GRB090811696|18 28 12.0|+22 13 12|2009-08-11 16:41:50.038|  14.848|      6.198690e-01|            7.327994e-02|
|GRB120119354|04 23 50.4|-33 55 12|2012-01-19 08:29:29.816|  16.896|      6.202557e-01|            2.319618e-02|
|GRB081028538|01 04 00.0|-27 12 00|2008-10-28 12:55:08.180|  13.312|      6.210074e-01|            3.132691e-02|
|GRB120510900|12 27 43.2|-55 14 24|2012-05-10 21:36:26.100|  62.465|      6.214510e-01|            2.050702e-02|
|GRB121104627|04 48 33.6|+14 04 48|2012-11-04 15:02:15.495|  59.137|      6.220365e-01|            2.352876e-02|
|GRB180208764|13 06 14.4|+08 14 24|2018-02-08 18:20:50.299|  17.408|      6.227097e-01|            3.615529e-02|
|GRB150110433|14 28 00.0|+18 54 00|2015-01-10 10:23:38.232|  74.304|      6.229705e-01|            1.518848e-02|
|GRB140408553|19 22 51.8|-12 35 37|2014-04-08 13:15:55.242|   7.680|      6.237572e-01|            5.390701e-02|
|GRB120412055|01 57 45.6|-24 40 12|2012-04-12 01:18:42.148|   9.728|      6.242534e-01|            5.010708e-02|
|GRB130720116|16 14 00.0|+14 58 12|2013-07-20 02:46:40.720|  48.640|      6.242729e-01|            2.841722e-02|
|GRB110613631|22 27 26.4|-03 28 12|2011-06-13 15:08:46.300|  40.193|      6.243094e-01|            2.326363e-02|
|GRB120102416|22 44 36.0|-23 09 36|2012-01-02 09:59:01.273|  20.224|      6.245466e-01|            3.035235e-02|
|GRB090327404|02 12 24.0|-41 30 00|2009-03-27 09:41:41.520|  14.080|      6.253439e-01|            2.014006e-02|
|GRB160628579|18 33 16.8|+16 05 24|2016-06-28 13:53:37.467|  23.040|      6.263514e-01|            2.296441e-02|
|GRB080812889|11 46 48.0|-33 12 00|2008-08-12 21:19:33.832|  15.040|      6.264530e-01|            3.001247e-02|
|GRB100323542|12 35 28.8|-18 39 36|2010-03-23 13:00:44.754|  60.673|      6.275734e-01|            3.150654e-02|
|GRB150131335|01 04 28.8|+11 21 36|2015-01-31 08:03:02.497|   8.192|      6.277732e-01|            2.921903e-02|
|GRB121122564|03 30 40.8|+46 28 12|2012-11-22 13:31:27.521|   8.704|      6.283723e-01|            5.652652e-02|
|GRB180511606|17 27 48.0|-01 13 48|2018-05-11 14:32:18.985|   9.216|      6.285136e-01|            4.329426e-02|
|GRB161129300|21 04 55.0|+32 08 09|2016-11-29 07:11:39.960|  36.096|      6.298302e-01|            1.647343e-02|
|GRB120806007|20 35 57.6|+06 19 48|2012-08-06 00:10:08.866|  26.624|      6.299728e-01|            1.807582e-02|
|GRB140224788|01 34 57.6|+39 28 48|2014-02-24 18:55:19.824|  17.152|      6.299840e-01|            3.019125e-02|
|GRB151003729|04 01 21.6|-66 22 12|2015-10-03 17:29:59.933|  44.032|      6.304146e-01|            1.403405e-01|
|GRB090112332|07 23 36.0|-30 24 00|2009-01-12 07:57:23.111|  58.369|      6.306933e-01|            2.567195e-02|
|GRB090516137|08 08 48.0|-71 37 12|2009-05-16 03:17:20.169| 110.594|      6.308741e-01|            9.330885e-03|
|GRB080904886|14 16 48.0|-30 18 00|2008-09-04 21:16:04.751|  17.344|      6.310664e-01|            2.233018e-02|
|GRB121027038|00 17 14.4|-47 32 24|2012-10-27 00:54:19.368| 166.915|      6.315684e-01|            2.843125e-02|
|GRB100205490|08 55 40.8|-23 01 12|2010-02-05 11:45:38.258|  14.848|      6.317489e-01|            3.527354e-02|
|GRB110108977|00 46 28.8|-09 38 24|2011-01-08 23:26:18.515|  51.456|      6.328469e-01|            7.178665e-02|
|GRB100825287|16 53 45.6|-56 34 12|2010-08-25 06:53:48.670|   3.328|      6.333695e-01|            5.001948e-02|
|GRB100410356|08 40 04.8|+21 28 48|2010-04-10 08:31:57.469|   9.728|      6.340167e-01|            7.035696e-02|
|GRB151006413|09 49 42.2|+70 30 13|2015-10-06 09:54:57.825|  93.440|      6.349505e-01|            1.063439e-02|
|GRB151130160|09 05 04.8|-18 49 12|2015-11-30 03:50:50.019|  20.224|      6.352880e-01|            2.845577e-02|
|GRB090413122|17 46 00.0|-09 12 00|2009-04-13 02:55:57.242|  32.513|      6.366773e-01|            3.044501e-02|
|GRB130708488|01 09 53.8|+00 00 11|2013-07-08 11:43:04.269|  14.077|      6.371091e-01|            2.967832e-02|
|GRB120908938|15 22 33.6|-25 47 24|2012-09-08 22:31:00.024|  66.945|      6.371129e-01|            3.356011e-02|
|GRB161106786|18 58 07.2|-60 39 00|2016-11-06 18:51:41.071|  12.544|      6.376566e-01|            3.626872e-02|
|GRB130620498|04 57 40.8|+61 11 24|2013-06-20 11:57:06.927|  14.592|      6.379303e-01|            4.270982e-02|
|GRB170718152|06 49 04.8|-35 00 00|2017-07-18 03:39:30.168|  40.192|      6.381805e-01|            4.179874e-02|
|GRB081124060|22 40 24.0|-14 36 00|2008-11-24 01:26:10.848|  19.456|      6.386029e-01|            2.480097e-02|
|GRB150604284|20 25 04.8|-46 43 12|2015-06-04 06:48:27.409|  52.736|      6.387852e-01|            6.971263e-02|
|GRB160423066|23 43 14.4|+17 30 00|2016-04-23 01:34:46.148|  11.968|      6.399015e-01|            3.945521e-02|
|GRB130215063|02 53 55.2|+13 22 12|2013-02-15 01:31:26.024| 143.746|      6.399047e-01|            1.372034e-02|
|GRB100527795|15 07 19.2|+19 46 48|2010-05-27 19:04:37.242| 190.979|      6.406684e-01|            1.515358e-02|
|GRB150923995|06 09 07.2|+06 31 48|2015-09-23 23:52:52.541|  17.152|      6.408620e-01|            5.320897e-02|
|GRB080817720|05 20 48.0|-17 06 00|2008-08-17 17:17:07.519|   4.416|      6.413455e-01|            5.150996e-02|
|GRB160816414|01 41 16.8|+43 42 00|2016-08-16 09:55:49.707|  11.776|      6.413825e-01|            4.977262e-02|
|GRB150527283|19 15 50.4|+04 12 05|2015-05-27 06:47:08.704|  20.736|      6.414143e-01|            4.139107e-02|
|GRB111113410|00 17 16.8|-07 31 12|2011-11-13 09:50:11.759|  15.360|      6.414970e-01|            2.343826e-02|
|GRB121125469|11 50 07.2|+38 32 24|2012-11-25 11:14:47.490|  12.864|      6.415470e-01|            4.327467e-02|
|GRB161228553|08 37 09.6|+43 40 12|2016-12-28 13:15:41.847|  47.105|      6.419447e-01|            2.076512e-02|
|GRB121211695|04 49 28.8|+08 37 48|2012-12-11 16:41:02.769|   8.960|      6.427400e-01|            3.653769e-02|
|GRB140521732|21 20 02.4|+67 36 00|2014-05-21 17:34:18.731|  11.550|      6.435206e-01|            2.624060e-02|
|GRB130420313|13 04 26.4|+59 25 12|2013-04-20 07:30:19.925| 104.962|      6.438969e-01|            2.755177e-02|
|GRB160827586|10 20 38.4|-55 54 36|2016-08-27 14:03:30.892|  51.200|      6.447492e-01|            3.057606e-02|
|GRB090805622|20 00 06.5|-50 50 41|2009-08-05 14:55:18.239|  46.592|      6.453868e-01|            3.279714e-02|
|GRB171002969|11 44 57.6|+18 03 00|2017-10-02 23:15:13.153|   7.936|      6.455451e-01|            3.354736e-02|
|GRB130615398|12 19 26.4|+69 37 12|2013-06-15 09:33:07.462|  21.760|      6.456316e-01|            5.443350e-02|
|GRB091112928|13 53 38.4|+37 10 12|2009-11-12 22:15:51.190|  21.184|      6.457955e-01|            2.355643e-02|
|GRB131021352|21 56 28.8|-25 21 00|2013-10-21 08:26:45.451|  17.664|      6.462211e-01|            7.380727e-02|
|GRB090207777|16 50 48.0|+34 54 00|2009-02-07 18:39:10.837|  24.832|      6.465563e-01|            2.911683e-02|
|GRB140723067|14 02 31.2|-03 43 48|2014-07-23 01:36:30.728|  56.320|      6.466937e-01|            1.778015e-02|
|GRB140709051|20 18 33.4|+51 13 23|2014-07-09 01:13:41.377|  69.633|      6.471598e-01|            1.886976e-02|
|GRB150727793|13 35 57.6|-18 21 36|2015-07-27 19:01:56.348|  49.409|      6.481506e-01|            2.150656e-02|
|GRB151001628|15 34 55.2|+10 58 01|2015-10-01 15:04:22.408|  23.552|      6.483112e-01|            4.391314e-02|
|GRB100709602|09 30 07.2|+17 22 48|2010-07-09 14:27:32.983| 100.098|      6.488172e-01|            1.973825e-02|
|GRB081206275|08 00 24.0|+32 48 00|2008-12-06 06:35:53.018|  24.576|      6.495846e-01|            2.556956e-02|
|GRB100820373|17 15 09.6|-18 30 36|2010-08-20 08:56:58.474|   8.960|      6.496655e-01|            2.433238e-02|
|GRB131020113|13 56 00.0|+51 06 00|2013-10-20 02:42:25.917|   2.240|      6.512167e-01|            1.134742e-01|
|GRB161201342|23 14 55.2|-17 06 36|2016-12-01 08:12:57.471|  12.800|      6.514500e-01|            3.714696e-02|
|GRB101213849|17 23 57.6|-64 30 36|2010-12-13 20:22:26.267|   5.120|      6.519284e-01|            3.950760e-02|
|GRB140319964|09 04 02.4|+81 31 48|2014-03-19 23:08:30.359|  50.369|      6.520362e-01|            1.792032e-02|
|GRB150415029|14 42 31.2|-19 20 24|2015-04-15 00:41:07.531|  34.557|      6.540644e-01|            2.545144e-02|
|GRB090713020|18 59 12.0|-03 19 48|2009-07-13 00:29:28.060|  82.817|      6.542824e-01|            1.284387e-02|
|GRB100719825|15 25 38.4|+18 33 36|2010-07-19 19:48:08.093|   3.072|      6.547273e-01|            5.391049e-02|
|GRB170910368|13 10 36.0|-29 42 36|2017-09-10 08:50:00.358|  27.392|      6.567653e-01|            1.066971e-01|
|GRB100907751|11 49 09.6|-40 37 48|2010-09-07 18:01:11.635|   5.376|      6.569370e-01|            5.161082e-02|
|GRB110228011|00 41 04.8|-45 40 12|2011-02-28 00:15:58.908|  44.481|      6.570146e-01|            2.758217e-02|
|GRB080830368|10 40 24.0|+30 48 00|2008-08-30 08:50:16.334|  40.897|      6.591065e-01|            2.165873e-02|
|GRB120712571|11 18 21.6|-20 01 59|2012-07-12 13:42:25.606|  22.528|      6.598906e-01|            1.880914e-02|
|GRB101128322|09 41 52.8|-35 12 00|2010-11-28 07:44:04.238|   8.192|      6.620829e-01|            4.587359e-02|
|GRB160813297|21 32 09.6|+47 54 00|2016-08-13 07:07:03.134|   7.936|      6.624332e-01|            3.811448e-02|
|GRB180606730|17 26 36.0|-35 40 12|2018-06-06 17:31:38.616|   6.080|      6.624572e-01|            8.088643e-02|
|GRB170326489|20 19 50.4|+00 35 24|2017-03-26 11:44:38.255|   9.728|      6.639200e-01|            6.537408e-02|
|GRB160219289|00 05 24.6|-21 57 26|2016-02-19 06:56:18.138|   3.520|      6.640734e-01|            5.021245e-02|
|GRB090520876|08 45 12.0|-18 00 00|2009-05-20 21:01:37.145|  30.657|      6.653429e-01|            2.118573e-02|
|GRB170501467|06 28 02.4|+13 42 36|2017-05-01 11:11:53.790|  47.360|      6.656670e-01|            2.000761e-02|
|GRB170521882|05 25 55.2|+63 29 24|2017-05-21 21:10:46.825|   7.680|      6.659152e-01|            4.843319e-02|
|GRB171025416|06 32 00.0|-01 46 12|2017-10-25 09:59:00.108|  19.712|      6.663841e-01|            5.909621e-02|
|GRB140302342|16 55 26.2|-12 52 42|2014-03-02 08:12:58.888|  67.584|      6.664683e-01|            2.457538e-02|
|GRB140906175|16 33 26.4|+49 30 36|2014-09-06 04:11:38.696|  37.633|      6.668115e-01|            4.740262e-02|
|GRB130406334|07 18 38.4|-27 51 36|2013-04-06 08:00:36.766|  88.832|      6.669321e-01|            3.970801e-02|
|GRB100704149|08 54 32.6|-24 12 58|2010-07-04 03:35:06.103| 171.523|      6.679140e-01|            1.616263e-02|
|GRB110430375|09 48 14.4|+67 57 00|2011-04-30 09:00:13.403|  32.513|      6.680365e-01|            1.436930e-02|
|GRB140608153|10 04 52.8|-50 15 36|2014-06-08 03:41:00.977|  71.681|      6.694317e-01|            1.255463e-02|
|GRB090113778|02 08 24.0|+33 24 00|2009-01-13 18:40:40.842|  17.408|      6.698161e-01|            3.717302e-02|
|GRB100421917|23 22 43.2|-25 39 36|2010-04-21 21:59:48.390|  62.465|      6.698461e-01|            2.077839e-02|
|GRB140511995|01 45 00.0|-24 54 36|2014-05-11 23:53:09.495|  59.136|      6.710189e-01|            1.832538e-02|
|GRB120402669|14 54 55.2|-10 24 00|2012-04-02 16:04:00.758|  20.224|      6.712119e-01|                        |
|GRB150203545|10 27 31.2|-21 48 36|2015-02-03 13:04:30.398|  23.808|      6.712745e-01|            2.793188e-02|
|GRB150827785|04 33 12.0|-60 00 00|2015-08-27 18:50:12.969|  10.496|      6.716411e-01|            3.416828e-02|
|GRB171213061|10 01 31.2|+36 06 36|2017-12-13 01:27:25.004| 111.616|      6.720950e-01|            1.925237e-01|
|GRB180506902|04 04 43.2|-00 51 00|2018-05-06 21:38:58.905|  23.296|      6.721063e-01|            2.915415e-02|
|GRB180413118|11 12 43.2|-31 33 36|2018-04-13 02:49:43.233|  57.857|      6.724522e-01|            1.592401e-02|
|GRB120729456|00 52 17.8|+49 56 23|2012-07-29 10:56:12.665|  25.472|      6.726966e-01|            3.186933e-02|
|GRB170711931|03 03 08.6|+47 51 00|2017-07-11 22:20:25.303|  12.288|      6.728059e-01|            2.880754e-02|
|GRB180506077|16 37 31.2|+05 04 48|2018-05-06 01:50:25.559|  44.033|      6.731216e-01|            1.474633e-02|
|GRB140829880|17 02 21.6|+55 55 48|2014-08-29 21:07:27.466|  77.568|      6.732255e-01|            4.409605e-02|
|GRB121125356|15 14 04.8|+55 19 19|2012-11-25 08:32:29.627|  49.857|      6.739402e-01|            1.527922e-02|
|GRB100810049|08 19 04.8|-01 36 36|2010-08-10 01:10:34.243|   2.560|      6.743976e-01|            4.310804e-02|
|GRB141209131|06 00 48.0|-30 34 12|2014-12-09 03:07:59.542|  78.081|      6.744395e-01|            2.029028e-02|
|GRB140122597|03 44 19.2|+15 05 24|2014-01-22 14:19:47.783|   3.584|      6.747260e-01|            5.483886e-02|
|GRB090117335|15 09 12.0|-41 30 00|2009-01-17 08:02:02.227|  27.264|      6.750599e-01|            4.398853e-02|
|GRB160920249|21 44 33.6|+01 21 00|2016-09-20 05:58:20.237|  15.616|      6.757810e-01|            2.816287e-02|
|GRB120213606|12 13 57.6|+05 45 36|2012-02-13 14:32:44.609|  13.824|      6.763094e-01|            2.529731e-02|
|GRB150512432|13 22 00.0|+59 06 36|2015-05-12 10:22:25.873| 123.138|      6.776524e-01|            1.274244e-02|
|GRB100926595|14 51 00.0|-72 21 00|2010-09-26 14:17:03.943|  32.256|      6.782660e-01|            2.076687e-02|
|GRB100118100|00 37 02.4|-37 22 12|2010-01-18 02:23:33.698|   9.216|      6.783172e-01|            5.596016e-02|
|GRB080727964|02 10 24.0|+64 06 00|2008-07-27 23:07:46.217|  89.089|      6.785438e-01|            1.785637e-02|
|GRB170618475|00 59 19.2|+26 44 24|2017-06-18 11:24:41.052|  52.481|      6.788129e-01|            1.102318e-02|
|GRB101113483|01 56 19.2|+00 12 36|2010-11-13 11:35:36.398|  12.288|      6.793037e-01|            2.469117e-02|
|GRB120604220|10 55 28.8|-07 24 00|2012-06-04 05:16:31.312|  10.496|      6.803747e-01|            3.933978e-02|
|GRB141114687|00 27 00.0|-13 25 12|2014-11-14 16:29:16.089|  44.800|      6.804341e-01|            2.783461e-02|
|GRB170728961|15 51 55.4|+70 07 20|2017-07-28 23:03:19.434|  46.336|      6.804877e-01|            2.427897e-02|
|GRB120119229|09 18 36.0|-61 19 48|2012-01-19 05:29:49.009|  41.728|      6.819277e-01|            1.651819e-02|
|GRB120913997|14 14 34.6|-14 32 06|2012-09-13 23:55:58.770| 130.050|      6.833837e-01|            1.212649e-02|
|GRB101015558|04 52 38.4|+15 27 36|2010-10-15 13:24:02.667| 508.168|      6.839732e-01|            9.518997e-03|
|GRB090709630|06 14 22.3|+64 05 06|2009-07-09 15:07:41.137|  22.272|      6.849631e-01|            2.521607e-02|
|GRB120824594|04 43 40.8|+17 37 48|2012-08-24 14:16:00.734| 111.618|      6.853364e-01|            2.729370e-02|
|GRB121118576|20 28 40.8|+63 11 24|2012-11-18 13:48:54.256|  33.277|      6.879339e-01|            1.781367e-02|
|GRB130906435|18 37 33.6|-53 22 48|2013-09-06 10:26:25.297|   8.192|      6.885282e-01|            5.985451e-02|
|GRB100326294|08 44 57.6|-28 10 48|2010-03-26 07:03:05.503|   5.632|      6.892207e-01|            1.213529e-01|
|GRB081012549|02 00 48.0|-17 36 00|2008-10-12 13:10:23.033|  30.721|      6.892377e-01|            3.569220e-02|
|GRB100924165|00 02 41.3|+07 00 14|2010-09-24 03:58:08.317|   9.024|      6.894696e-01|            2.347183e-02|
|GRB170516808|00 49 02.4|-06 24 36|2017-05-16 19:24:06.004|  11.008|      6.894729e-01|            9.990237e-02|
|GRB110904163|12 41 36.0|-28 51 00|2011-09-04 03:54:36.019|  51.457|      6.895235e-01|            2.557808e-02|
|GRB080810549|23 47 12.0|+00 19 12|2008-08-10 13:10:12.581|  75.201|      6.897932e-01|            1.593167e-02|
|GRB100224112|17 58 14.4|-17 04 48|2010-02-24 02:40:55.477|  67.329|      6.898964e-01|            1.977203e-02|
|GRB140911012|08 33 33.6|-36 33 36|2014-09-11 00:17:07.058| 116.736|      6.901960e-01|            2.799955e-02|
|GRB150721732|18 51 31.2|-49 24 36|2015-07-21 17:34:29.549|  11.520|      6.907461e-01|            3.961435e-02|
|GRB141003788|09 10 33.6|-02 12 36|2014-10-03 18:55:23.199|   7.424|      6.916056e-01|            4.416291e-02|
|GRB080808565|02 14 24.0|+05 24 00|2008-08-08 13:33:48.338|  17.728|      6.929098e-01|            1.907347e-02|
|GRB130228111|17 01 50.4|+55 01 12|2013-02-28 02:40:02.166| 107.778|      6.930032e-01|            1.874447e-02|
|GRB130522510|08 56 36.0|+17 37 12|2013-05-22 12:14:31.135|  27.904|      6.937060e-01|            2.528923e-02|
|GRB110625579|21 01 19.2|-39 26 24|2011-06-25 13:53:24.575|  33.281|      6.944531e-01|            2.436976e-02|
|GRB160825799|21 58 09.6|+08 09 36|2016-08-25 19:10:49.446|   6.144|      6.947907e-01|            3.069586e-02|
|GRB130304658|11 55 28.8|-60 17 24|2013-03-04 15:46:49.893|  23.296|      6.948255e-01|            5.360933e-02|
|GRB150718656|08 19 00.0|-51 02 24|2015-07-18 15:44:46.540|  19.456|      6.948578e-01|            3.465036e-02|
|GRB131117766|14 13 04.8|-02 28 12|2013-11-17 18:23:30.457|  93.954|      6.956507e-01|            1.098379e-02|
|GRB140912664|20 14 00.0|+59 33 36|2014-09-12 15:56:35.838|   2.304|      6.968486e-01|            5.773020e-02|
|GRB121229533|21 02 21.6|-11 56 24|2012-12-29 12:47:33.356|  23.037|      6.990499e-01|            2.161831e-02|
|GRB090907017|05 45 19.2|-38 51 00|2009-09-07 00:24:09.716|  39.489|      6.992081e-01|            2.920946e-02|
|GRB160102500|14 55 04.8|+06 22 48|2016-01-02 11:59:22.628|  25.344|      6.992683e-01|            3.665863e-02|
|GRB161128216|17 29 43.2|-46 03 00|2016-11-28 05:11:45.300|   6.912|      6.998866e-01|            5.102355e-02|
|GRB091020977|12 31 12.0|-13 24 00|2009-10-20 23:26:34.448|  37.505|      7.002199e-01|            1.784077e-02|
|GRB130515755|09 47 04.8|+11 15 36|2013-05-15 18:06:51.391|   2.560|      7.016442e-01|            5.908782e-02|
|GRB150425617|14 16 55.2|-55 30 00|2015-04-25 14:48:19.535|   4.352|      7.018015e-01|            5.536395e-02|
|GRB130925546|05 33 43.2|+55 18 00|2013-09-25 13:05:43.127| 265.477|      7.030910e-01|            2.413002e-02|
|GRB110411629|14 01 12.0|-64 59 24|2011-04-11 15:05:15.350|  23.552|      7.032964e-01|            3.840018e-02|
|GRB110209165|21 58 48.0|-21 55 48|2011-02-09 03:58:08.298|   5.632|      7.038819e-01|            8.465958e-02|
|GRB100311518|20 13 38.4|-27 46 12|2010-03-11 12:25:54.112|   9.024|      7.042796e-01|            3.249802e-02|
|GRB091102607|04 50 27.9|-72 31 11|2009-11-02 14:34:38.363|   6.656|      7.048009e-01|            4.819662e-02|
|GRB091207333|00 50 40.8|-50 11 24|2009-12-07 08:00:10.106|  27.073|      7.051169e-01|            2.027740e-02|
|GRB160815490|19 14 55.9|+84 16 55|2016-08-15 11:45:11.637|   7.104|      7.057856e-01|            3.336139e-02|
|GRB150703259|22 45 19.2|+46 36 36|2015-07-03 06:13:33.081|  46.593|      7.059557e-01|            1.315472e-02|
|GRB160709370|17 45 48.0|+57 49 12|2016-07-09 08:52:30.456|  38.657|      7.059873e-01|            1.842964e-02|
|GRB110601681|20 42 50.4|+11 28 48|2011-06-01 16:20:16.076|  52.206|      7.068400e-01|            2.049803e-02|
|GRB180307073|08 29 04.8|+24 28 48|2018-03-07 01:44:44.873| 136.707|      7.068833e-01|            7.796449e-03|
|GRB171211844|05 12 33.6|+01 09 00|2017-12-11 20:15:58.533| 148.226|      7.076815e-01|            1.221912e-02|
|GRB140930134|02 46 26.4|+57 34 48|2014-09-30 03:12:32.489|   3.264|      7.083699e-01|            6.761631e-02|
|GRB090826068|09 22 28.8|-00 06 36|2009-08-26 01:37:31.854|   8.704|      7.084669e-01|            4.447924e-02|
|GRB141225959|09 15 00.2|+33 47 42|2014-12-25 23:01:13.817|  56.320|      7.087069e-01|            2.429366e-02|
|GRB150404733|11 03 38.4|-67 22 12|2015-04-04 17:35:03.719|   4.864|      7.088843e-01|            6.836171e-02|
|GRB180715087|22 04 45.6|+39 10 12|2018-07-15 02:05:14.476|   5.120|      7.091126e-01|            7.881947e-02|
|GRB110806934|07 28 09.6|+02 22 48|2011-08-06 22:25:31.115|  28.416|      7.091942e-01|            1.461807e-02|
|GRB171215705|01 18 43.2|+34 43 48|2017-12-15 16:55:25.449|  28.928|      7.095376e-01|            4.304265e-02|
|GRB090429530|17 20 00.0|+54 18 00|2009-04-29 12:43:25.700|  14.336|      7.102905e-01|            4.639341e-02|
|GRB120420249|03 11 33.6|-52 11 24|2012-04-20 05:58:07.258|  25.600|      7.104553e-01|            4.006219e-02|
|GRB120504945|13 21 07.2|-24 12 00|2012-05-04 22:40:08.601|   5.760|      7.109195e-01|            5.439354e-02|
|GRB120130906|04 19 50.4|+09 28 48|2012-01-30 21:44:54.331|   3.584|      7.138249e-01|            5.663862e-02|
|GRB100304534|17 20 33.6|-21 55 12|2010-03-04 12:48:18.560|  19.008|      7.145988e-01|                        |
|GRB171029020|13 12 57.6|-54 15 00|2017-10-29 00:28:49.091|  19.712|      7.151411e-01|            5.760096e-02|
|GRB090814950|20 30 36.0|+45 43 12|2009-08-14 22:47:28.777| 108.610|      7.158045e-01|            1.879139e-02|
|GRB170316710|11 53 04.8|+21 15 36|2017-03-16 17:02:19.365|  39.425|      7.162205e-01|            1.684417e-02|
|GRB170724543|11 28 04.8|+49 33 36|2017-07-24 13:02:30.900|  19.200|      7.162502e-01|            3.924301e-02|
|GRB090711850|09 18 26.4|-64 44 24|2009-07-11 20:23:22.919|  51.969|      7.177334e-01|            1.921253e-02|
|GRB160720275|22 00 36.0|-16 41 24|2016-07-20 06:35:19.627|  14.336|      7.178576e-01|            3.153672e-02|
|GRB120122300|06 26 19.2|+16 31 48|2012-01-22 07:12:06.037|  16.701|      7.189668e-01|            2.812194e-02|
|GRB080725435|08 06 48.0|-14 00 00|2008-07-25 10:26:09.056|  25.920|      7.215455e-01|            1.677969e-02|
|GRB140817229|01 56 12.0|-44 28 48|2014-08-17 05:30:02.358|  26.112|      7.228411e-01|            4.320563e-02|
|GRB140907672|03 12 35.3|+46 35 42|2014-09-07 16:07:11.803|  35.841|      7.229817e-01|            1.591246e-02|
|GRB130115716|11 24 21.6|+22 37 12|2013-01-15 17:10:39.182|  13.568|      7.237039e-01|            2.566848e-02|
|GRB140603476|14 29 48.0|+25 54 36|2014-06-03 11:24:59.139| 138.242|      7.245899e-01|            1.142209e-02|
|GRB110828575|07 22 19.2|-23 48 36|2011-08-28 13:48:14.720|  44.673|      7.246522e-01|            3.716208e-02|
|GRB110520302|04 44 02.4|-85 55 48|2011-05-20 07:14:26.237|  12.288|      7.268701e-01|            6.179019e-02|
|GRB120716577|20 18 07.2|+59 24 36|2012-07-16 13:51:02.134|  24.960|      7.272855e-01|            2.950585e-02|
|GRB180412425|04 09 16.8|-59 00 36|2018-04-12 10:12:06.008|  20.992|      7.278560e-01|            2.465443e-02|
|GRB170317666|20 32 31.2|-53 45 00|2017-03-17 15:59:26.190| 212.995|      7.287141e-01|            2.269384e-02|
|GRB090301315|23 31 12.0|+09 30 00|2009-03-01 07:33:37.978|  23.296|      7.290415e-01|            3.748773e-02|
|GRB100915243|05 41 34.7|+25 05 42|2010-09-15 05:49:39.616|   7.936|      7.293703e-01|            8.033866e-02|
|GRB111230683|10 00 45.6|+33 25 48|2011-12-30 16:23:08.604|  28.160|      7.296627e-01|            5.003633e-02|
|GRB120811649|13 18 50.2|+62 17 28|2012-08-11 15:34:55.092|  14.336|      7.310720e-01|            3.870624e-02|
|GRB100424876|00 31 09.6|+43 21 00|2010-04-24 21:01:52.590| 169.987|      7.310761e-01|            1.530750e-02|
|GRB171117515|13 07 14.4|-33 00 00|2017-11-17 12:21:38.868| 105.922|      7.316639e-01|            1.651657e-02|
|GRB110610640|20 32 43.0|+74 49 30|2011-06-10 15:21:32.549|  43.521|      7.325128e-01|            1.883296e-02|
|GRB160917479|19 42 40.3|+46 24 12|2016-09-17 11:30:19.286|  19.456|      7.327536e-01|            2.368086e-02|
|GRB131123543|03 32 57.6|-20 52 48|2013-11-23 13:01:58.134|   3.136|      7.327568e-01|            5.916347e-02|
|GRB160718975|06 37 48.0|+47 27 36|2016-07-18 23:24:28.804|   8.448|      7.328770e-01|            2.634815e-02|
|GRB100502356|08 44 02.4|+18 22 48|2010-05-02 08:33:02.942|  95.810|      7.329963e-01|            1.612156e-02|
|GRB160223416|06 19 58.5|+33 24 27|2016-02-23 09:59:01.508|  17.920|      7.355537e-01|            3.471670e-02|
|GRB170906039|15 28 49.0|-28 15 23|2017-09-06 00:55:40.851|  11.520|      7.384267e-01|            3.488820e-02|
|GRB090516853|01 02 48.0|-13 42 00|2009-05-16 20:28:40.047|  14.464|      7.399772e-01|            2.865317e-02|
|GRB101211485|02 07 21.6|+10 03 36|2010-12-11 11:37:54.516|  13.568|      7.405804e-01|            4.308512e-02|
|GRB160518039|18 20 33.6|+82 24 36|2016-05-18 00:55:52.650|  22.784|      7.409772e-01|            2.794799e-02|
|GRB180418281|11 20 29.0|+24 55 58|2018-04-18 06:44:06.282|   2.560|      7.412254e-01|            5.298902e-02|
|GRB140715231|04 20 12.0|+24 04 12|2014-07-15 05:33:18.161|  77.312|      7.419967e-01|            1.442907e-02|
|GRB120326056|18 15 37.2|+69 15 36|2012-03-26 01:20:31.513|  11.776|      7.434242e-01|            2.619983e-02|
|GRB091112737|17 10 54.7|-36 42 54|2009-11-12 17:41:15.822|  24.576|      7.439614e-01|            2.156363e-02|
|GRB141012773|19 07 16.8|-49 52 48|2014-10-12 18:33:17.676|  37.633|      7.449470e-01|            2.070012e-02|
|GRB090917661|15 21 21.6|-11 41 24|2009-09-17 15:51:38.942|  26.624|      7.456696e-01|            5.847504e-02|
|GRB131014513|01 00 12.0|+21 25 48|2013-10-14 12:18:36.157|  30.208|      7.481483e-01|            3.708158e-02|
|GRB150911588|02 12 26.4|-16 56 24|2015-09-11 14:06:03.606|  46.081|      7.482154e-01|            1.566636e-02|
|GRB140115899|06 19 26.4|-48 51 36|2014-01-15 21:35:11.505|  10.496|      7.483764e-01|            3.397785e-02|
|GRB151212030|20 15 14.4|+66 03 36|2015-12-12 00:42:58.448|  22.272|      7.486454e-01|            4.763514e-02|
|GRB130112286|15 44 07.2|+52 11 24|2013-01-12 06:52:07.524|  35.328|      7.495819e-01|            2.713132e-02|
|GRB150326521|23 01 33.6|+08 11 24|2015-03-26 12:30:42.320|   5.888|      7.498056e-01|            6.825333e-02|
|GRB130320560|13 02 09.4|-71 15 32|2013-03-20 13:26:34.534| 340.992|      7.503470e-01|            1.362287e-02|
|GRB110117626|08 38 02.4|-12 52 48|2011-01-17 15:01:27.632|  43.264|      7.506443e-01|            3.860205e-02|
|GRB160528276|07 38 00.0|-62 06 36|2016-05-28 06:37:40.324|   7.168|      7.511604e-01|            1.131654e-01|
|GRB130623790|07 09 43.2|+36 02 24|2013-06-23 18:57:50.985|  42.241|      7.523816e-01|            2.026362e-02|
|GRB100609783|06 01 55.2|+42 46 48|2010-06-09 18:48:11.327| 111.618|      7.535840e-01|            1.259970e-02|
|GRB110626448|08 47 38.4|+05 33 36|2011-06-26 10:44:54.213|   6.400|      7.538810e-01|            4.035650e-02|
|GRB090107681|18 59 12.0|+59 36 00|2009-01-07 16:20:42.766|  18.432|      7.540736e-01|            5.293409e-02|
|GRB100714672|07 05 28.8|+51 08 24|2010-07-14 16:07:23.778|  35.584|      7.540872e-01|            7.130007e-02|
|GRB150717795|15 46 12.0|+16 08 24|2015-07-17 19:04:26.720|   9.984|      7.551929e-01|            4.277984e-02|
|GRB131011741|02 10 06.1|-04 24 42|2013-10-11 17:47:34.987|  77.057|      7.557374e-01|            1.749287e-02|
|GRB171201068|14 11 07.2|+23 07 48|2017-12-01 01:37:40.194|  59.136|      7.573579e-01|            1.859945e-02|
|GRB141016897|14 45 48.0|-62 29 24|2014-10-16 21:31:21.298|  17.405|      7.577146e-01|            2.264711e-02|
|GRB090518080|07 59 48.0|+00 45 00|2009-05-18 01:54:44.517|   2.048|      7.580388e-01|            6.858870e-02|
|GRB161014522|22 10 35.5|+07 28 07|2016-10-14 12:31:15.914|  36.609|      7.588227e-01|            2.106348e-02|
|GRB120530121|11 43 50.4|+78 49 48|2012-05-30 02:53:41.862|  77.054|      7.611465e-01|            1.802086e-02|
|GRB170926528|09 46 07.2|-05 34 12|2017-09-26 12:39:41.225|  15.360|      7.616312e-01|            2.811634e-02|
|GRB100423244|07 58 40.8|+05 46 48|2010-04-23 05:51:25.750|  16.512|      7.618031e-01|            2.064556e-02|
|GRB160521839|04 50 02.4|-13 42 00|2016-05-21 20:07:53.873|  15.872|      7.627305e-01|            3.104497e-02|
|GRB150822178|09 37 50.4|+00 51 00|2015-08-22 04:16:07.524|  13.312|      7.627683e-01|            3.162960e-02|
|GRB110221244|01 00 43.2|+66 03 00|2011-02-21 05:51:19.364|  13.056|      7.649535e-01|            2.895933e-02|
|GRB100905907|17 30 36.0|+13 04 48|2010-09-05 21:46:22.989|  11.520|      7.649684e-01|            3.644780e-02|
|GRB100805845|07 30 52.8|-35 55 48|2010-08-05 20:16:29.528|  58.430|      7.663161e-01|            2.017731e-02|
|GRB140110814|02 07 26.4|+65 09 36|2014-01-10 19:31:34.447|  81.152|      7.672454e-01|            4.482193e-02|
|GRB160223670|01 12 26.4|-48 32 24|2016-02-23 16:04:41.056| 288.005|      7.673502e-01|            1.878468e-02|
|GRB140513724|16 33 26.4|-19 30 00|2014-05-13 17:22:12.278|  17.152|      7.701220e-01|            2.589501e-02|
|GRB101117496|03 48 45.6|-26 52 12|2010-11-17 11:54:45.754|  50.177|      7.707789e-01|            1.606561e-02|
|GRB121123421|20 29 16.3|-11 51 32|2012-11-23 10:06:00.586| 102.338|      7.711443e-01|            1.284263e-02|
|GRB120926426|03 58 52.8|-37 12 00|2012-09-26 10:13:16.043|  60.161|      7.713564e-01|            3.209434e-02|
|GRB170109137|07 48 57.6|-10 55 12|2017-01-09 03:17:35.378| 293.637|      7.714287e-01|            1.417760e-02|
|GRB150206407|14 42 21.6|+57 30 00|2015-02-06 09:46:27.485|   5.120|      7.714416e-01|            4.089314e-02|
|GRB090926914|03 05 16.3|-39 00 40|2009-09-26 21:55:28.525|  64.001|      7.721928e-01|            1.591804e-02|
|GRB110421757|18 28 55.2|+50 48 00|2011-04-21 18:10:39.918|  40.449|      7.722502e-01|            1.581277e-02|
|GRB090831317|09 40 24.0|+50 58 12|2009-08-31 07:36:36.583|  39.424|      7.724375e-01|            1.619341e-02|
|GRB141109447|13 37 09.6|+79 01 48|2014-11-09 10:43:57.808|  32.000|      7.728403e-01|            3.352306e-02|
|GRB090222179|07 54 24.0|+45 00 00|2009-02-22 04:17:09.576|  17.408|      7.734833e-01|            2.514921e-02|
|GRB110304071|21 31 43.2|+33 16 12|2011-03-04 01:42:33.799|  19.520|      7.740572e-01|            2.932915e-02|
|GRB080916406|22 25 12.0|-57 00 00|2008-09-16 09:45:18.938|  46.337|      7.747629e-01|            1.799039e-02|
|GRB101227536|10 03 28.8|-49 26 24|2010-12-27 12:51:46.193|  28.864|      7.753503e-01|            2.456938e-02|
|GRB100503554|09 49 55.2|+03 57 36|2010-05-03 13:18:03.890| 139.779|      7.771029e-01|            1.433603e-02|
|GRB150416773|03 55 00.0|+52 57 36|2015-04-16 18:33:25.965|  33.281|      7.781321e-01|            1.721897e-02|
|GRB130104721|11 36 21.6|+25 55 12|2013-01-04 17:18:07.049|  26.368|      7.783677e-01|            1.970390e-02|
|GRB141205018|19 38 26.4|-87 34 48|2014-12-05 00:25:29.813|  13.056|      7.789713e-01|            4.064535e-02|
|GRB090227310|00 13 12.0|-43 00 00|2009-02-27 07:25:57.003|  16.189|      7.801290e-01|            2.966420e-02|
|GRB090630311|09 46 12.0|-46 34 48|2009-06-30 07:27:21.166|   2.880|      7.805806e-01|            4.886627e-02|
|GRB120217808|08 09 45.6|+36 46 12|2012-02-17 19:23:50.572|   5.888|      7.821314e-01|            4.770534e-02|
|GRB130505955|22 57 52.8|-70 28 12|2013-05-05 22:55:15.943|  50.241|      7.836177e-01|            3.023397e-02|
|GRB150805445|06 23 02.4|-64 19 48|2015-08-05 10:40:35.455|  45.825|      7.882402e-01|            2.480050e-02|
|GRB100919884|10 52 57.6|+06 01 12|2010-09-19 21:12:16.281|  49.601|      7.884541e-01|            2.208396e-02|
|GRB110706477|06 16 36.0|-50 46 12|2011-07-06 11:26:15.757|  73.217|      7.897558e-01|            1.666241e-02|
|GRB150618674|15 52 40.8|+28 32 24|2015-06-18 16:10:47.806|  45.312|      7.922094e-01|            3.350887e-02|
|GRB180630467|03 15 50.1|-87 28 43|2018-06-30 11:11:54.405|  12.032|      7.929395e-01|            3.574080e-02|
|GRB160107931|19 58 40.8|+06 24 47|2016-01-07 22:20:41.502| 113.922|      7.937849e-01|            9.121767e-03|
|GRB140110263|01 55 36.0|-36 15 36|2014-01-10 06:18:37.936|   9.472|      7.954066e-01|            2.945513e-02|
|GRB110503145|04 42 02.4|-10 54 00|2011-05-03 03:28:26.122|   7.936|      7.954673e-01|            3.368570e-02|
|GRB130109206|01 09 48.0|+19 14 24|2013-01-09 04:56:26.261|   8.960|      7.968950e-01|            2.964257e-02|
|GRB140404171|11 30 55.2|+33 10 48|2014-04-04 04:06:47.514|  26.624|      7.976441e-01|            1.844605e-02|
|GRB110706728|00 36 14.4|+31 43 48|2011-07-06 17:27:56.345|  16.896|      7.977641e-01|            2.892921e-02|
|GRB110706202|06 40 19.2|+06 08 24|2011-07-06 04:51:04.029|  12.032|      7.987214e-01|            2.962552e-02|
|GRB110319815|21 42 16.8|-57 06 36|2011-03-19 19:34:02.295|  31.232|      8.008011e-01|            5.939955e-02|
|GRB151117442|01 18 33.6|-64 06 00|2015-11-17 10:36:59.778|  58.561|      8.014590e-01|            1.924391e-02|
|GRB131230529|06 04 26.4|+64 17 24|2013-12-30 12:41:27.116|   3.072|      8.020588e-01|            1.002159e-01|
|GRB110703557|10 21 33.6|-29 18 00|2011-07-03 13:22:15.581|   6.720|      8.032879e-01|            4.742448e-02|
|GRB100717372|19 08 14.4|-00 39 36|2010-07-17 08:55:06.212|   5.952|      8.035261e-01|            6.549050e-02|
|GRB091024380|22 37 00.5|+56 53 21|2009-10-24 09:06:29.357| 450.569|      8.042078e-01|            1.143972e-02|
|GRB150619287|14 38 45.6|+08 38 24|2015-06-19 06:53:06.689|  57.089|      8.043531e-01|            1.211111e-02|
|GRB161022114|08 36 00.5|+54 20 56|2016-10-22 02:43:45.921|  26.368|      8.056342e-01|            1.106551e-01|
|GRB111024722|10 50 57.6|-44 56 24|2011-10-24 17:19:02.879|  65.025|      8.059445e-01|            1.325448e-02|
|GRB140517813|08 31 00.0|+13 34 12|2014-05-17 19:31:17.692|  18.941|      8.065406e-01|            2.490481e-02|
|GRB110204179|00 07 16.8|-17 24 00|2011-02-04 04:17:11.372|  28.672|      8.072515e-01|            2.996252e-02|
|GRB170916700|06 33 43.2|+07 10 12|2017-09-16 16:47:31.332|   5.120|      8.091898e-01|            1.086481e-01|
|GRB111226795|01 26 00.0|+03 52 12|2011-12-26 19:04:58.285|  74.753|      8.096941e-01|            1.517499e-02|
|GRB100427356|05 56 40.8|-03 27 36|2010-04-27 08:32:08.706|  12.544|      8.107536e-01|            3.382609e-02|
|GRB110722710|00 33 07.2|+62 44 24|2011-07-22 17:01:45.913|  14.336|      8.117823e-01|            5.511486e-02|
|GRB101220576|16 06 16.8|+46 08 24|2010-12-20 13:49:58.133|  72.449|      8.121549e-01|            1.313738e-02|
|GRB110813237|04 04 57.6|+34 33 36|2011-08-13 05:40:50.931|  22.784|      8.169233e-01|            2.495595e-02|
|GRB170228773|23 43 45.6|+15 43 48|2017-02-28 18:33:00.364|  46.081|      8.172933e-01|            2.281922e-02|
|GRB110328520|07 50 36.0|+43 06 00|2011-03-28 12:29:19.194|  83.970|      8.178472e-01|            1.413998e-02|
|GRB130404840|09 46 19.2|-42 09 36|2013-04-04 20:10:04.028|  34.561|      8.192511e-01|                        |
|GRB160629930|00 19 27.4|+76 58 01|2016-06-29 22:19:38.282|  64.769|      8.199776e-01|            1.318721e-02|
|GRB100619015|05 38 28.3|-27 00 43|2010-06-19 00:21:07.026|  96.002|      8.203231e-01|            2.533945e-02|
|GRB081118876|03 38 24.0|-43 18 00|2008-11-18 21:00:53.536|  20.736|      8.216597e-01|            1.970626e-02|
|GRB110920338|05 50 16.8|+38 45 36|2011-09-20 08:07:16.410|   9.728|      8.224973e-01|            3.711451e-02|
|GRB160223072|09 50 20.2|+09 22 23|2016-02-23 01:44:22.387| 117.762|      8.250570e-01|            1.790074e-02|
|GRB180709099|21 56 45.6|-26 39 36|2018-07-09 02:22:03.465|  11.008|      8.257779e-01|            2.577055e-02|
|GRB091231206|13 17 26.4|-60 42 00|2009-12-31 04:56:33.488|  42.561|      8.268037e-01|            2.091652e-02|
|GRB130404428|02 03 00.0|+01 32 24|2013-04-04 10:15:40.052|   3.328|      8.271832e-01|            5.302258e-02|
|GRB131029973|13 23 08.4|+48 17 53|2013-10-29 23:20:48.578| 104.449|      8.294004e-01|            1.255185e-02|
|GRB110926107|04 37 45.6|+10 25 48|2011-09-26 02:33:36.644|  75.265|      8.300059e-01|            1.741452e-02|
|GRB141121414|15 43 33.6|-35 36 00|2014-11-21 09:56:08.482|   3.840|      8.303177e-01|            5.365397e-02|
|GRB160831411|20 11 40.8|+24 05 24|2016-08-31 09:52:33.158|  50.689|      8.310271e-01|            2.655718e-02|
|GRB150922883|18 16 33.6|-50 28 12|2015-09-22 21:11:32.732|   2.816|      8.325075e-01|            6.787482e-02|
|GRB100330309|13 28 19.2|-00 54 00|2010-03-30 07:24:51.726|  10.048|      8.326379e-01|            2.338981e-02|
|GRB170912273|14 21 50.2|-61 59 48|2017-09-12 06:33:46.914|  13.568|      8.327122e-01|            2.528587e-02|
|GRB091107635|12 09 24.0|+38 56 24|2009-11-07 15:13:59.630|  11.008|      8.328118e-01|            7.200574e-02|
|GRB141221338|13 13 08.6|+08 12 19|2014-12-21 08:07:11.216|  23.808|      8.331593e-01|            4.068357e-02|
|GRB121122870|23 41 48.0|+06 20 24|2012-11-22 20:52:49.028| 125.439|      8.337681e-01|            1.710496e-02|
|GRB110702187|00 22 28.8|-37 39 36|2011-07-02 04:29:28.917|  34.369|      8.340899e-01|            2.832091e-02|
|GRB140725583|00 53 21.6|+66 27 00|2014-07-25 14:00:06.867|  19.968|      8.352489e-01|            4.042901e-02|
|GRB171004672|05 28 48.0|-25 44 24|2017-10-04 16:07:16.421|  48.125|      8.361336e-01|            1.739772e-02|
|GRB091209001|17 23 50.4|+38 17 24|2009-12-09 00:00:44.898|  42.945|      8.369790e-01|            3.084857e-02|
|GRB130509078|16 03 24.0|-40 13 12|2013-05-09 01:52:14.786|  24.320|      8.375299e-01|            1.815115e-02|
|GRB171208733|08 21 57.6|+09 03 00|2017-12-08 17:35:49.695|   2.624|      8.395576e-01|            5.779200e-02|
|GRB091030613|16 36 00.0|+23 32 24|2009-10-30 14:43:16.436|  19.200|      8.406379e-01|            2.654689e-02|
|GRB100615083|11 48 49.0|-19 28 55|2010-06-15 01:59:04.371|  37.377|      8.418439e-01|            1.502983e-02|
|GRB090606471|09 47 45.6|-70 29 24|2009-06-06 11:18:08.003|   8.064|      8.419177e-01|            2.104513e-01|
|GRB150705009|06 49 57.6|+20 51 36|2015-07-05 00:13:36.934|  20.992|      8.434523e-01|            2.872254e-02|
|GRB171124235|22 22 04.8|+35 13 12|2017-11-24 05:37:56.505|  26.177|      8.434718e-01|            2.177327e-02|
|GRB110331604|00 26 38.4|+25 59 24|2011-03-31 14:29:06.844|   3.200|      8.445512e-01|            6.166604e-02|
|GRB101201418|00 07 49.2|-16 11 46|2010-12-01 10:01:49.740| 112.639|      8.446729e-01|            1.118033e-02|
|GRB121109338|00 27 21.6|-42 34 12|2012-11-09 08:06:56.632|  22.144|      8.454232e-01|            3.639008e-02|
|GRB090129880|17 56 00.0|-32 48 00|2009-01-29 21:07:15.426|  16.640|      8.455002e-01|            2.459812e-02|
|GRB081130629|00 52 48.0|-05 30 00|2008-11-30 15:05:15.722|  39.169|      8.459008e-01|            3.569999e-02|
|GRB141030746|10 45 28.8|+33 24 00|2014-10-30 17:54:13.884|   8.960|      8.459703e-01|            3.820761e-02|
|GRB160717813|19 51 07.2|+00 15 36|2016-07-17 19:31:15.228|  66.817|      8.463433e-01|            1.266696e-02|
|GRB120618919|14 14 16.8|-02 06 36|2012-06-18 22:03:34.313|  47.616|      8.465090e-01|            4.612302e-02|
|GRB130106995|01 55 02.4|+63 22 48|2013-01-06 23:52:25.792|  70.401|      8.484879e-01|            1.838982e-02|
|GRB180309322|12 24 16.8|+34 28 48|2018-03-09 07:43:10.615|  24.576|      8.503143e-01|            2.293566e-02|
|GRB091221870|03 43 11.6|+23 14 25|2009-12-21 20:52:57.217|  23.040|      8.511379e-01|            1.640121e-02|
|GRB100130729|01 24 45.6|-24 45 00|2010-01-30 17:29:24.145|  99.586|      8.534821e-01|            3.206816e-02|
|GRB140508179|23 22 07.2|-63 46 48|2014-05-08 04:17:41.459|  19.456|      8.536512e-01|            1.258780e-01|
|GRB100814160|01 29 53.3|-17 59 47|2010-08-14 03:50:08.809| 150.530|      8.550648e-01|            1.694816e-02|
|GRB151027166|18 09 56.9|+61 21 12|2015-10-27 03:58:24.033| 123.394|      8.552561e-01|            1.444623e-02|
|GRB110904124|23 58 45.6|+35 54 00|2011-09-04 02:58:15.961|  83.905|      8.554533e-01|            1.810923e-02|
|GRB100420008|08 13 50.4|-04 23 24|2010-04-20 00:12:06.599|  19.712|      8.556789e-01|            2.428123e-02|
|GRB120716712|20 52 12.2|+09 35 55|2012-07-16 17:05:03.908| 226.048|      8.564284e-01|            1.395839e-02|
|GRB151011136|17 13 24.0|-09 38 24|2015-10-11 03:15:27.254|  25.344|      8.565287e-01|            2.479023e-02|
|GRB140620219|18 47 28.8|+49 43 48|2014-06-20 05:15:28.017|  45.825|      8.566940e-01|            2.719294e-02|
|GRB090602564|16 35 45.6|-65 01 12|2009-06-02 13:32:22.854|  20.736|      8.573377e-01|            4.457355e-02|
|GRB120914144|17 51 45.6|+01 49 12|2012-09-14 03:26:42.114|  10.240|      8.581471e-01|            8.409870e-02|
|GRB180618724|21 08 45.6|+07 12 36|2018-06-18 17:22:06.252| 130.050|      8.616999e-01|            1.435575e-02|
|GRB110105877|05 40 26.4|-17 07 12|2011-01-05 21:02:39.598| 123.394|      8.620700e-01|            1.639969e-02|
|GRB150502435|16 05 50.4|+42 03 36|2015-05-02 10:25:55.163| 109.314|      8.637076e-01|            9.718805e-03|
|GRB091208410|01 57 34.1|+16 53 24|2009-12-08 09:49:57.956|  12.480|      8.637531e-01|            2.313349e-02|
|GRB160206430|12 17 02.4|+52 24 36|2016-02-06 10:19:12.431|  21.504|      8.642928e-01|            3.499318e-02|
|GRB170831179|10 34 50.4|+49 48 00|2017-08-31 04:18:11.132|  57.345|      8.654482e-01|            1.243467e-02|
|GRB180130049|18 13 12.0|-02 15 36|2018-01-30 01:10:47.693| 120.578|      8.657742e-01|            1.619537e-02|
|GRB141230142|03 47 55.2|+01 35 24|2014-12-30 03:24:22.637|   9.856|      8.659079e-01|            5.852428e-02|
|GRB110618760|09 48 12.0|-07 28 48|2011-06-18 18:14:16.307|  89.601|      8.659107e-01|            1.889003e-02|
|GRB161020767|02 10 14.4|-58 13 48|2016-10-20 18:24:44.518|  22.078|      8.660445e-01|            2.360655e-02|
|GRB170419898|04 01 59.5|-15 08 35|2017-04-19 21:33:46.807|  24.064|      8.670440e-01|            3.067225e-02|
|GRB131105087|04 44 02.6|-62 58 52|2013-11-05 02:04:53.491| 112.642|      8.689041e-01|            1.072287e-02|
|GRB120412920|02 35 38.4|+07 03 36|2012-04-12 22:04:40.564| 101.182|      8.701927e-01|            1.846253e-02|
|GRB100519204|12 45 57.6|+57 24 36|2010-05-19 04:53:22.707|  62.913|      8.706677e-01|            1.227906e-02|
|GRB180426005|16 44 57.6|+81 23 24|2018-04-26 00:06:42.396|  38.145|      8.727895e-01|            2.774552e-02|
|GRB081009690|04 18 24.0|+14 12 00|2008-10-09 16:33:37.338|  34.560|      8.733844e-01|            2.156630e-02|
|GRB140905454|22 42 00.0|-25 56 24|2014-09-05 10:53:45.717| 110.082|      8.737922e-01|            9.006780e-03|
|GRB120907017|04 59 00.0|-09 18 54|2012-09-07 00:24:24.511|   5.760|      8.746085e-01|            9.523246e-02|
|GRB160917456|13 25 26.4|+20 55 48|2016-09-17 10:56:11.859|  14.592|      8.751327e-01|            2.484572e-02|
|GRB141004973|05 07 00.0|+12 49 26|2014-10-04 23:20:54.415|   2.560|      8.763198e-01|            5.425092e-02|
|GRB110529262|11 30 24.0|+08 47 24|2011-05-29 06:17:41.014|  45.825|      8.766671e-01|            2.132942e-02|
|GRB150528656|23 23 48.0|-20 05 24|2015-05-28 15:44:04.556|  13.056|      8.775140e-01|            3.013914e-02|
|GRB180330891|10 56 43.2|+83 52 12|2018-03-30 21:23:15.522|  14.333|      8.790004e-01|            2.645439e-02|
|GRB160512199|16 02 43.2|-33 05 24|2016-05-12 04:45:59.731|  78.081|      8.808713e-01|            1.704992e-02|
|GRB110118857|15 06 16.8|-39 33 00|2011-01-18 20:34:18.791|  34.561|      8.816760e-01|            3.619131e-02|
|GRB080829790|14 47 36.0|+03 12 00|2008-08-29 18:57:36.420|   7.680|      8.844279e-01|            3.889287e-02|
|GRB100225703|09 51 38.4|+34 00 36|2010-02-25 16:52:18.116|   4.480|      8.845050e-01|            4.726419e-02|
|GRB180222239|03 39 50.4|+13 13 12|2018-02-22 05:44:02.294|  50.689|      8.851784e-01|            2.092810e-02|
|GRB140330180|21 52 16.3|-57 44 42|2014-03-30 04:19:54.472|  34.049|      8.857070e-01|            2.290890e-02|
|GRB140831374|00 17 09.6|+44 00 36|2014-08-31 08:59:07.217|   3.584|      8.866370e-01|            7.168806e-02|
|GRB120323162|14 04 24.0|-45 13 48|2012-03-23 03:52:49.270|   4.352|      8.881784e-01|            3.996994e-02|
|GRB131209963|16 55 31.2|+72 36 00|2013-12-09 23:06:16.406|   4.096|      8.895353e-01|            9.749603e-02|
|GRB170830328|14 39 48.0|+32 24 36|2017-08-30 07:51:51.113|  14.592|      8.916884e-01|            4.499255e-02|
|GRB120528442|19 40 31.2|+06 30 00|2012-05-28 10:36:00.217|  16.384|      8.934465e-01|            3.006343e-02|
|GRB170412988|10 57 31.2|+22 01 48|2017-04-12 23:42:55.680|  31.232|      8.952799e-01|            3.076728e-02|
|GRB170929699|01 52 02.4|+21 01 12|2017-09-29 16:46:16.238|   8.960|      8.955707e-01|            2.907213e-02|
|GRB140115863|14 00 07.2|-61 24 36|2014-01-15 20:43:18.177|  14.909|      8.970849e-01|            2.535313e-02|
|GRB180610791|20 34 33.6|+34 18 00|2018-06-10 18:58:48.667|  27.648|      8.977944e-01|            3.926882e-02|
|GRB101227195|12 27 09.6|-83 33 00|2010-12-27 04:40:28.716|  95.488|      8.990408e-01|            5.140946e-02|
|GRB130722990|23 29 38.4|-22 18 36|2013-07-22 23:46:11.713|   2.304|      8.992068e-01|            6.785617e-02|
|GRB080824909|08 09 36.0|-02 48 00|2008-08-24 21:48:54.728|   7.424|      9.022825e-01|            3.138118e-02|
|GRB160201883|20 50 40.8|+69 19 12|2016-02-01 21:11:42.996|  40.510|      9.024562e-01|            2.745847e-02|
|GRB130925173|02 44 43.9|-26 08 02|2013-09-25 04:09:26.734| 215.555|      9.030157e-01|            4.756759e-03|
|GRB120304061|08 28 36.0|-61 07 12|2012-03-04 01:27:48.718|   9.984|      9.032339e-01|            2.800982e-02|
|GRB110213220|02 52 01.0|+49 17 28|2011-02-13 05:17:11.272|  34.305|      9.038113e-01|            2.122838e-02|
|GRB180522678|23 13 36.0|+43 45 00|2018-05-22 16:16:37.412|  12.032|      9.046562e-01|            2.088814e-02|
|GRB141221897|08 24 04.8|-74 12 36|2014-12-21 21:31:48.787|  32.513|      9.052960e-01|            2.132809e-02|
|GRB081204004|04 13 12.0|-62 36 00|2008-12-04 00:05:24.244|   7.424|      9.054993e-01|            6.362791e-02|
|GRB170101374|10 29 57.6|+28 54 00|2017-01-01 08:58:33.909|   2.304|      9.067367e-01|            6.204870e-02|
|GRB171230955|05 58 07.2|-27 45 00|2017-12-30 22:55:29.755|  70.401|      9.071368e-01|            1.350398e-02|
|GRB140928100|10 55 04.8|+48 28 12|2014-09-28 02:23:23.977|   7.680|      9.072909e-01|            2.046675e-02|
|GRB140414693|03 02 43.2|+13 49 12|2014-04-14 16:38:37.966|  25.600|      9.073272e-01|            2.052326e-02|
|GRB120719146|13 37 09.6|-43 27 00|2012-07-19 03:30:00.821|  75.009|      9.088388e-01|            1.776499e-02|
|GRB140516765|04 57 07.2|+32 51 00|2014-05-16 18:21:00.835|  22.016|      9.107172e-01|            2.200419e-02|
|GRB110906302|01 45 16.8|+17 39 00|2011-09-06 07:15:13.419|  23.936|      9.132487e-01|            3.395217e-02|
|GRB130409960|02 02 04.8|+44 06 00|2013-04-09 23:01:59.658|  26.112|      9.134157e-01|            1.757328e-02|
|GRB150630958|23 52 38.4|-47 23 24|2015-06-30 22:58:59.022|  39.169|      9.135019e-01|            5.751067e-02|
|GRB081215880|15 14 24.0|-50 42 00|2008-12-15 21:06:53.040|   7.680|      9.136823e-01|            4.243307e-02|
|GRB130523095|01 29 09.6|+29 43 48|2013-05-23 02:16:09.383|  17.920|      9.160660e-01|            2.647921e-02|
|GRB090623107|20 36 00.0|-43 14 24|2009-06-23 02:34:17.562|  47.105|      9.162631e-01|            1.661741e-02|
|GRB150831930|18 04 05.0|-27 15 07|2015-08-31 22:19:27.158|  13.760|      9.179074e-01|            3.806053e-02|
|GRB180610568|19 11 07.2|+07 25 48|2018-06-10 13:38:27.511|   8.448|      9.194582e-01|            5.525691e-02|
|GRB140712973|05 33 55.2|-73 37 12|2014-07-12 23:20:51.893|  28.160|      9.197325e-01|            2.993019e-02|
|GRB140311618|12 14 36.0|+62 48 36|2014-03-11 14:49:13.096|  14.336|      9.204934e-01|            3.379626e-02|
|GRB090925389|22 12 50.4|+14 16 12|2009-09-25 09:20:33.672|  25.472|      9.231800e-01|            2.652386e-02|
|GRB150919606|04 20 24.0|+71 42 00|2015-09-19 14:33:18.900|   6.656|      9.239104e-01|            3.313314e-02|
|GRB081025349|16 21 36.0|+60 30 00|2008-10-25 08:23:05.293|  22.528|      9.258716e-01|            2.782883e-02|
|GRB160330827|13 58 55.2|+26 17 24|2016-03-30 19:51:24.637|  41.985|      9.315973e-01|            1.639632e-02|
|GRB120130938|21 33 12.0|+58 33 36|2012-01-30 22:30:34.465|  38.913|      9.321965e-01|            1.964512e-02|
|GRB120605453|16 14 26.4|+41 30 36|2012-06-05 10:52:15.904|  18.112|      9.325192e-01|            3.527097e-02|
|GRB160310016|06 35 07.2|-07 06 36|2016-03-10 00:22:58.468|  25.857|      9.340696e-01|            2.318523e-02|
|GRB090730608|16 50 19.2|+30 27 36|2009-07-30 14:35:07.668|   9.088|      9.350937e-01|            3.874819e-02|
|GRB110903111|13 08 14.6|+58 59 07|2011-09-03 02:39:34.422| 341.254|      9.351502e-01|            1.194116e-02|
|GRB110415541|14 15 16.8|+09 03 00|2011-04-15 12:59:22.954| 166.146|      9.358788e-01|            3.395905e-02|
|GRB170205521|19 08 02.4|+66 40 12|2017-02-05 12:30:19.666|   5.376|      9.371800e-01|            6.623405e-02|
|GRB101011707|03 13 12.0|-65 54 00|2010-10-11 16:58:36.534|  36.352|      9.377466e-01|            1.031384e-01|
|GRB091103912|11 22 24.0|+11 18 00|2009-11-03 21:53:51.485|  13.568|      9.380210e-01|            2.447461e-02|
|GRB080724401|23 53 12.0|+32 54 00|2008-07-24 09:37:40.603| 379.397|      9.390184e-01|            1.761575e-02|
|GRB140323433|23 47 50.2|-79 54 18|2014-03-23 10:22:53.120| 111.426|      9.394456e-01|            9.900031e-03|
|GRB150219522|18 05 03.8|-41 35 06|2015-02-19 12:31:12.259|  36.097|      9.396517e-01|            2.455619e-02|
|GRB160301215|07 37 36.0|+02 17 24|2016-03-01 05:10:18.519|  29.697|      9.398451e-01|            2.138162e-02|
|GRB090330279|10 40 48.0|-08 12 00|2009-03-30 06:42:22.097|  75.265|      9.410991e-01|            1.622836e-02|
|GRB150301818|05 56 37.7|-57 58 37|2015-03-01 19:38:04.513|  13.312|      9.417022e-01|            3.043686e-02|
|GRB140224382|00 11 07.2|+20 22 12|2014-02-24 09:10:17.167|   2.304|      9.434884e-01|            7.062503e-02|
|GRB141011467|17 17 31.2|-43 00 00|2014-10-11 11:12:49.017|  12.029|      9.437803e-01|            3.933359e-02|
|GRB150612702|00 09 07.2|+25 05 24|2015-06-12 16:51:35.396|  68.353|      9.442607e-01|            1.472038e-02|
|GRB130905377|18 23 33.6|-02 18 36|2013-09-05 09:02:11.457|  21.248|      9.452693e-01|            3.562531e-02|
|GRB141003564|21 27 04.8|-36 53 24|2014-10-03 13:32:13.102|   8.704|      9.460558e-01|            9.077766e-02|
|GRB090625560|00 09 02.8|-65 46 49|2009-06-25 13:26:22.514|  13.056|      9.465261e-01|            5.557030e-02|
|GRB130606316|22 37 28.8|+12 29 24|2013-06-06 07:35:30.405|  24.128|      9.470445e-01|            2.047730e-02|
|GRB130928537|20 27 38.4|-44 11 24|2013-09-28 12:52:35.193| 132.994|      9.477207e-01|            2.532415e-02|
|GRB150802127|10 06 07.2|-62 04 48|2015-08-02 03:03:02.370| 313.093|      9.481904e-01|            2.087794e-02|
|GRB131108024|23 34 24.0|+33 52 48|2013-11-08 00:34:42.828|  14.592|      9.486713e-01|            3.438758e-02|
|GRB130420422|07 48 14.4|-69 01 48|2013-04-20 10:08:09.198|  27.328|      9.489586e-01|            4.893648e-02|
|GRB170228794|15 58 12.0|-03 35 24|2017-02-28 19:03:00.710|  60.673|      9.493993e-01|            1.713217e-02|
|GRB100728439|02 56 12.7|+00 16 48|2010-07-28 10:31:54.974|  10.240|      9.505278e-01|            1.620427e-01|
|GRB091227294|19 47 45.6|+02 36 00|2009-12-27 07:03:13.386|  21.888|      9.507842e-01|            2.321977e-02|
|GRB180405169|08 14 28.8|-33 30 00|2018-04-05 04:02:53.061|  28.477|      9.521523e-01|            2.116705e-02|
|GRB170111815|18 03 31.2|+63 42 36|2017-01-11 19:34:01.386|   3.072|      9.534122e-01|            7.507301e-02|
|GRB100225115|20 41 12.0|-59 24 00|2010-02-25 02:45:31.147|  12.992|      9.568852e-01|            2.863724e-02|
|GRB091026550|18 26 17.5|-86 06 41|2009-10-26 13:11:33.020|   8.960|      9.572691e-01|            9.645283e-02|
|GRB080816989|19 18 00.0|-06 48 00|2008-08-16 23:43:54.690|   4.608|      9.572945e-01|            5.561258e-02|
|GRB120227391|05 39 02.4|+08 30 00|2012-02-27 09:22:45.971|  19.712|      9.573898e-01|            4.913038e-02|
|GRB090426690|05 30 48.0|-09 42 00|2009-04-26 16:33:33.202|   7.488|      9.588225e-01|            3.708857e-02|
|GRB130818941|12 49 09.6|+57 34 48|2013-08-18 22:34:33.785|  25.344|      9.597216e-01|            2.968829e-02|
|GRB091223511|15 25 04.8|+54 43 48|2009-12-23 12:15:53.690|  49.725|      9.606055e-01|            1.706134e-02|
|GRB170514180|08 08 24.0|-25 18 00|2017-05-14 04:18:38.885| 103.938|      9.614865e-01|            1.043138e-02|
|GRB160605847|07 23 55.2|-19 49 48|2016-06-05 20:19:29.764|   5.504|      9.617381e-01|            3.712373e-02|
|GRB110523344|14 36 07.2|-15 25 12|2011-05-23 08:15:54.581|  44.544|      9.624506e-01|            4.908828e-02|
|GRB130216790|03 55 30.0|+02 02 24|2013-02-16 18:58:11.695|  12.992|      9.672527e-01|            2.957711e-02|
|GRB151120349|10 29 00.0|-32 31 25|2015-11-20 08:22:53.704|  28.416|      9.679522e-01|            1.917489e-02|
|GRB170124238|19 26 57.6|+69 36 36|2017-01-24 05:42:12.057|  39.168|      9.691805e-01|            3.006320e-02|
|GRB160102936|09 33 45.6|+38 45 00|2016-01-02 22:28:16.995|  10.496|      9.698955e-01|            2.899464e-02|
|GRB150105257|08 17 16.8|-14 46 48|2015-01-05 06:10:00.463|  80.641|      9.706896e-01|            9.215261e-03|
|GRB110205027|23 58 55.2|-80 26 24|2011-02-05 00:39:04.651|   5.376|      9.712756e-01|            1.618020e-01|
|GRB160419637|01 05 41.8|-27 20 35|2016-04-19 15:16:35.389|  24.320|      9.722661e-01|            1.039194e-01|
|GRB100522157|00 27 56.8|+09 24 08|2010-05-22 03:45:52.294|  35.326|      9.729378e-01|            3.731842e-02|
|GRB120107384|16 25 36.0|-69 55 48|2012-01-07 09:12:15.411|  23.040|      9.729942e-01|            2.435792e-02|
|GRB161117066|21 28 12.0|-29 36 36|2016-11-17 01:35:31.357| 122.178|      9.734945e-01|            1.130813e-02|
|GRB110706977|23 09 52.8|+07 06 36|2011-07-06 23:26:51.412|  33.217|      9.737461e-01|            2.531607e-02|
|GRB180128252|04 45 07.2|-09 02 24|2018-01-28 06:03:22.687|  38.913|      9.747939e-01|            2.329478e-02|
|GRB180416340|07 45 14.4|-48 34 48|2018-04-16 08:09:26.469| 103.426|      9.754826e-01|            8.209389e-03|
|GRB090922605|02 33 26.4|-73 04 48|2009-09-22 14:30:41.529|  52.736|      9.758254e-01|            5.672884e-02|
|GRB120415958|10 01 50.4|+61 16 12|2012-04-15 22:59:19.133|  12.544|      9.760454e-01|            6.731365e-02|
|GRB130218261|04 37 14.4|-69 07 48|2013-02-18 06:16:25.563|  37.121|      9.768652e-01|            3.047881e-02|
|GRB130408653|07 55 04.8|+66 20 24|2013-04-08 15:40:22.855|   9.216|      9.775010e-01|            5.547235e-02|
|GRB090428441|14 00 24.0|+39 30 00|2009-04-28 10:34:38.463|   3.968|      9.788817e-01|            5.857170e-02|
|GRB180401280|08 26 38.4|+06 58 12|2018-04-01 06:42:43.783|  33.792|      9.789957e-01|            2.470418e-02|
|GRB110402009|13 09 40.6|+61 14 31|2011-04-02 00:12:58.543|  35.649|      9.800991e-01|            5.466953e-02|
|GRB140729026|12 55 48.0|+15 21 00|2014-07-29 00:36:53.709|  55.553|      9.804519e-01|            3.118513e-02|
|GRB090518244|14 04 48.0|-16 42 00|2009-05-18 05:51:04.669|   6.784|      9.809977e-01|            4.384062e-02|
|GRB090202347|18 17 12.0|-02 00 00|2009-02-02 08:19:30.400|  12.608|      9.829019e-01|            2.121610e-02|
|GRB140512814|19 17 29.0|-15 06 00|2014-05-12 19:31:42.502| 147.970|      9.915407e-01|            1.084835e-02|
|GRB150126868|23 22 00.7|-12 22 05|2015-01-26 20:50:35.778|  96.513|      9.926448e-01|            1.377763e-02|
|GRB150228981|00 30 12.0|-61 43 48|2015-02-28 23:32:40.651|  36.609|      9.967642e-01|            1.586662e-02|
|GRB140928437|02 54 47.7|-55 55 44|2014-09-28 10:29:53.554|  17.920|      9.987398e-01|            4.644090e-02|
|GRB131217183|15 10 55.2|+25 09 36|2013-12-17 04:23:28.060|   9.216|      9.997054e-01|            2.880472e-02|
|GRB100513879|21 24 09.6|+22 15 00|2010-05-13 21:05:57.669|  11.136|      1.000310e+00|            2.818830e-02|
|GRB150828333|12 55 14.4|+65 46 48|2015-08-28 07:58:55.767|  12.800|      1.001595e+00|            2.856936e-02|
|GRB161105417|16 37 00.0|-65 13 00|2016-11-05 10:00:48.956|  41.473|      1.002037e+00|            1.902689e-02|
|GRB091220442|11 07 04.8|+04 48 36|2009-12-20 10:36:50.636|  18.368|      1.003386e+00|            2.738692e-02|
|GRB130628531|00 25 09.6|-05 04 12|2013-06-28 12:44:02.121|  21.504|      1.006532e+00|            2.009403e-02|
|GRB170730133|21 35 38.4|-29 45 00|2017-07-30 03:11:44.587|   6.656|      1.006870e+00|            3.700297e-02|
|GRB110722694|14 20 14.4|+05 00 00|2011-07-22 16:39:16.676|  73.473|      1.008325e+00|            1.629329e-02|
|GRB091024372|22 37 00.5|+56 53 21|2009-10-24 08:55:58.472|  93.954|      1.009248e+00|            5.956007e-02|
|GRB150721242|22 16 33.6|+07 45 36|2015-07-21 05:49:08.934|  18.432|      1.009919e+00|            1.312073e-02|
|GRB161017745|09 31 03.6|+43 08 31|2016-10-17 17:52:08.264|  37.888|      1.010312e+00|            4.366084e-02|
|GRB170121067|00 12 07.2|-75 37 12|2017-01-21 01:36:53.641|   2.304|      1.012846e+00|            4.819404e-02|
|GRB150707124|05 37 40.8|+48 57 36|2015-07-07 02:59:13.228| 112.384|      1.014292e+00|            1.657673e-02|
|GRB170329387|23 46 24.0|+09 48 00|2017-03-29 09:17:06.939|  33.536|      1.015969e+00|            2.352528e-02|
|GRB130803419|14 41 01.2|-02 29 35|2013-08-03 10:02:53.753|   7.616|      1.017540e+00|            3.870978e-02|
|GRB110522633|12 02 16.8|-26 48 36|2011-05-22 15:11:56.606|  58.112|      1.018058e+00|            4.959634e-02|
|GRB091020900|11 42 55.2|+50 58 48|2009-10-20 21:36:43.817|  24.256|      1.018301e+00|            2.866030e-02|
|GRB110629174|04 37 28.8|+25 00 36|2011-06-29 04:09:58.198|  61.694|      1.018328e+00|            4.377733e-02|
|GRB170825307|18 17 45.6|-26 10 12|2017-08-25 07:22:01.419|   6.656|      1.019667e+00|            4.316564e-02|
|GRB081021398|12 41 12.0|-25 36 00|2008-10-21 09:33:28.015|  26.112|      1.023124e+00|            3.691394e-02|
|GRB131113483|10 31 57.6|-41 31 12|2013-11-13 11:35:37.157|  60.545|      1.024167e+00|            1.366659e-02|
|GRB180618030|11 19 44.9|+73 50 53|2018-06-18 00:43:13.115|   3.712|      1.026827e+00|            6.869312e-02|
|GRB130214800|03 47 43.2|-00 17 24|2013-02-14 19:12:22.000|  13.760|      1.028050e+00|            2.344407e-02|
|GRB130815420|10 58 50.4|+49 34 12|2013-08-15 10:05:07.886| 236.292|      1.028130e+00|            1.055356e-02|
|GRB090610648|05 36 48.0|+35 25 12|2009-06-10 15:33:25.936|   6.144|      1.030534e+00|            6.536093e-02|
|GRB170416583|18 56 52.8|-57 01 12|2017-04-16 14:00:05.852|  61.952|      1.031108e+00|            2.181931e-02|
|GRB111015427|14 42 36.0|-58 24 36|2011-10-15 10:15:12.985|  92.737|      1.031379e+00|            2.109431e-02|
|GRB140701833|19 01 45.6|-32 35 24|2014-07-01 19:59:35.257|   6.912|      1.033574e+00|            4.045877e-02|
|GRB111230819|16 10 26.4|-22 07 12|2011-12-30 19:39:32.142|  12.736|      1.034125e+00|            3.857493e-02|
|GRB171106498|18 16 16.8|+43 07 12|2017-11-06 11:56:49.272|  10.752|      1.036093e+00|            2.357024e-02|
|GRB080717543|09 49 12.0|-70 00 00|2008-07-17 13:02:35.221|  36.608|      1.038474e+00|            4.132121e-02|
|GRB171013350|11 25 07.2|-26 38 24|2017-10-13 08:24:42.108|  39.425|      1.038591e+00|            1.282694e-02|
|GRB140824606|01 13 19.2|+58 38 24|2014-08-24 14:33:12.039| 108.802|      1.041744e+00|            1.721692e-02|
|GRB080714745|12 32 24.0|-60 12 00|2008-07-14 17:52:54.023|  59.649|      1.041961e+00|            5.196987e-02|
|GRB080816503|10 24 48.0|+42 36 00|2008-08-16 12:04:18.180|  64.769|      1.043781e+00|            1.536284e-02|
|GRB100604287|16 33 12.0|-73 11 24|2010-06-04 06:53:34.815|  13.440|      1.044934e+00|            3.363547e-02|
|GRB180210991|07 31 02.4|-27 26 24|2018-02-10 23:46:28.386|  48.129|      1.048721e+00|            1.795947e-02|
|GRB100507577|00 11 36.0|-79 00 36|2010-05-07 13:51:15.728|  44.033|      1.050635e+00|            1.915050e-02|
|GRB170208758|11 06 15.4|-46 46 03|2017-02-08 18:11:16.397|   7.168|      1.051649e+00|            4.268235e-02|
|GRB081126899|21 34 00.0|+48 42 00|2008-11-26 21:34:09.065|  54.145|      1.052004e+00|            2.170336e-02|
|GRB170606968|08 12 38.4|+43 55 48|2017-06-06 23:14:17.424|  11.264|      1.053856e+00|            2.496008e-02|
|GRB150120123|00 41 16.5|+33 59 41|2015-01-20 02:57:47.005|   3.328|      1.054532e+00|            1.260793e-01|
|GRB110824009|10 08 12.0|+01 19 12|2011-08-24 00:13:09.941|  76.607|      1.054955e+00|            2.122004e-02|
|GRB140219319|14 47 43.2|+50 00 00|2014-02-19 07:38:54.449|   6.080|      1.058384e+00|            3.409646e-02|
|GRB100713980|05 28 14.4|+13 00 00|2010-07-13 23:31:34.013|   7.616|      1.058961e+00|            5.206895e-02|
|GRB121113544|20 52 40.8|+59 49 12|2012-11-13 13:02:43.531|  95.490|      1.059089e+00|            1.544439e-02|
|GRB110505203|01 07 14.4|-32 18 00|2011-05-05 04:52:56.432|   4.096|      1.059433e+00|            4.143337e-02|
|GRB170208553|18 57 40.8|-00 06 36|2017-02-08 13:16:33.274|  53.761|      1.061673e+00|            1.406136e-02|
|GRB090904058|17 36 45.8|-25 12 43|2009-09-04 01:24:13.937|  56.065|      1.062354e+00|            2.091829e-02|
|GRB090411838|10 24 00.0|-68 54 00|2009-04-11 20:06:36.889|  21.501|      1.063136e+00|            2.309555e-02|
|GRB120130699|10 00 09.6|-17 27 00|2012-01-30 16:47:10.881|  27.776|      1.067639e+00|            4.505763e-02|
|GRB161220605|09 12 00.0|-29 09 36|2016-12-20 14:31:36.429|  41.729|      1.068336e+00|            1.997447e-02|
|GRB171209671|15 56 12.0|-21 15 36|2017-12-09 16:06:35.208|  13.824|      1.068412e+00|            3.381417e-02|
|GRB110709463|10 21 31.2|+23 07 12|2011-07-09 11:06:53.366|  24.061|      1.069150e+00|            2.058048e-02|
|GRB171004857|01 46 14.4|-62 06 36|2017-10-04 20:33:35.382|   8.192|      1.070272e+00|            9.104703e-02|
|GRB170424425|22 54 07.2|-45 12 00|2017-04-24 10:12:30.754|  53.249|      1.073309e+00|            1.474090e-02|
|GRB090524346|21 58 00.0|-67 24 00|2009-05-24 08:17:56.234|  54.337|      1.075634e+00|            1.613453e-02|
|GRB171206122|00 37 55.2|-78 12 00|2017-12-06 02:55:44.937|  15.360|      1.076674e+00|            9.244325e-02|
|GRB180620660|23 50 05.0|-57 57 47|2018-06-20 15:50:36.055|  46.721|      1.078477e+00|            3.408658e-02|
|GRB150817087|16 38 34.3|-12 03 58|2015-08-17 02:05:08.400|  35.584|      1.079171e+00|            2.375515e-02|
|GRB160424492|21 17 56.4|-60 36 53|2016-04-24 11:49:06.477|   6.592|      1.079754e+00|            3.405784e-02|
|GRB111103441|21 48 29.3|-10 32 49|2011-11-03 10:35:13.390|  11.968|      1.080273e+00|            4.115170e-02|
|GRB120908873|17 54 40.8|-35 47 24|2012-09-08 20:57:30.954|  46.849|      1.083263e+00|            2.185323e-02|
|GRB150323395|17 21 47.3|+38 18 58|2015-03-23 09:28:39.209|  56.321|      1.086831e+00|            1.417433e-02|
|GRB080804972|21 54 48.0|-53 12 00|2008-08-04 23:20:14.879|  24.704|      1.088308e+00|            2.099975e-02|
|GRB110809461|11 28 40.8|-13 55 48|2011-08-09 11:03:34.004|  12.544|      1.091455e+00|            3.837208e-02|
|GRB130131511|12 38 31.2|-14 28 48|2013-01-31 12:15:13.385| 147.459|      1.092185e+00|            1.080311e-02|
|GRB180403565|07 16 12.0|-00 13 12|2018-04-03 13:32:54.956|  36.609|      1.092274e+00|            4.013026e-02|
|GRB140917512|11 25 28.8|+20 24 36|2014-09-17 12:17:06.416|  16.512|      1.093069e+00|            3.159581e-02|
|GRB101013412|19 28 19.2|-49 38 24|2010-10-13 09:52:42.881|  15.360|      1.094285e+00|            2.255942e-02|
|GRB110928180|10 13 36.0|+34 17 24|2011-09-28 04:19:51.410| 148.226|      1.094775e+00|            2.253078e-02|
|GRB120223933|14 38 26.4|-07 27 36|2012-02-23 22:23:48.943|  14.336|      1.094967e+00|            3.745792e-02|
|GRB111228453|22 02 36.0|+14 28 12|2011-12-28 10:52:50.520|   2.944|      1.097715e+00|            4.100960e-02|
|GRB130206482|17 56 24.0|+49 25 48|2013-02-06 11:33:34.503|  11.264|      1.097876e+00|            2.076442e-02|
|GRB090425377|07 54 24.0|+68 06 00|2009-04-25 09:03:30.567|  75.393|      1.098729e+00|            2.453513e-02|
|GRB110102788|16 23 31.7|+07 36 58|2011-01-02 18:54:36.007| 253.956|      1.100475e+00|            1.141383e-02|
|GRB150127398|19 02 52.8|-08 22 12|2015-01-27 09:32:44.137|  52.736|      1.100825e+00|            2.289450e-02|
|GRB101021009|00 03 28.8|-23 42 36|2010-10-21 00:13:25.356| 120.770|      1.103644e+00|            2.726459e-02|
|GRB100325275|22 00 57.6|-26 28 12|2010-03-25 06:36:08.023|   7.104|      1.105663e+00|            3.665043e-02|
|GRB140714268|14 43 57.6|+40 18 36|2014-07-14 06:25:55.424| 132.098|      1.106719e+00|            1.317862e-02|
|GRB150131951|04 09 04.8|+19 16 12|2015-01-31 22:49:26.183|   8.192|      1.112677e+00|            5.770601e-02|
|GRB150702998|03 31 07.2|-57 00 00|2015-07-02 23:56:38.551|  45.825|      1.113015e+00|            3.204725e-02|
|GRB121123442|02 02 04.8|-18 47 24|2012-11-23 10:35:55.712|  42.497|      1.116768e+00|            1.581955e-02|
|GRB130514560|09 50 24.0|-18 58 12|2013-05-14 13:26:32.530|  17.408|      1.117222e+00|            7.107452e-02|
|GRB141029134|06 50 00.0|+25 04 12|2014-10-29 03:13:18.617| 192.771|      1.118332e+00|            1.026304e-02|
|GRB091128285|08 30 45.6|+01 43 48|2009-11-28 06:50:34.641|  76.289|      1.120333e+00|            1.358306e-02|
|GRB091015129|21 04 21.6|-49 30 00|2009-10-15 03:05:42.937|   3.840|      1.121930e+00|            1.612874e-01|
|GRB131215298|06 56 16.8|+68 15 36|2013-12-15 07:08:45.197|  23.040|      1.122887e+00|            2.804864e-02|
|GRB081217983|07 47 12.0|+26 48 00|2008-12-17 23:34:49.015|  29.696|      1.124515e+00|            2.267603e-02|
|GRB090411991|02 34 00.0|+05 06 00|2009-04-11 23:47:44.875|  14.336|      1.124971e+00|            3.211815e-02|
|GRB150507026|01 16 31.2|-03 48 00|2015-05-07 00:37:29.216|  63.489|      1.126251e+00|            1.537629e-02|
|GRB101213451|16 05 15.4|+21 53 50|2010-12-13 10:49:20.799|  45.057|      1.127005e+00|            3.181385e-02|
|GRB151229285|21 57 28.8|-20 43 57|2015-12-29 06:50:27.954|   3.456|      1.129666e+00|            5.635267e-02|
|GRB140723499|01 38 31.2|+11 11 24|2014-07-23 11:58:04.254|  45.056|      1.139994e+00|            1.387675e-02|
|GRB081207680|07 29 36.0|+70 30 00|2008-12-07 16:18:46.936|  97.281|      1.146591e+00|            1.340155e-02|
|GRB080807993|06 46 48.0|-16 00 00|2008-08-07 23:50:32.639|  19.072|      1.147083e+00|            3.139637e-02|
|GRB090530760|04 52 48.0|+13 48 00|2009-05-30 18:14:24.434| 157.699|      1.151056e+00|            8.457659e-03|
|GRB110705364|08 11 50.4|+28 48 00|2011-07-05 08:43:43.418|  19.200|      1.153939e+00|            2.218196e-02|
|GRB110716018|21 58 43.2|-76 58 48|2011-07-16 00:25:19.972|   7.168|      1.155015e+00|            6.981159e-02|
|GRB150220598|09 01 59.0|-01 35 49|2015-02-20 14:21:35.600| 144.643|      1.159340e+00|            1.403798e-02|
|GRB100906576|01 54 44.2|+55 37 50|2010-09-06 13:49:27.630| 110.594|      1.162644e+00|            2.317361e-02|
|GRB130720582|22 32 07.2|-09 24 00|2013-07-20 13:57:40.489| 199.172|      1.162735e+00|            6.957909e-03|
|GRB151107851|02 05 12.0|+45 35 24|2015-11-07 20:24:52.297| 139.010|      1.170020e+00|            1.362018e-02|
|GRB120121251|13 55 36.0|-01 20 24|2012-01-21 06:00:45.236|  37.121|      1.182112e+00|            1.941970e-02|
|GRB120919052|19 52 00.0|-38 04 12|2012-09-19 01:14:23.066| 118.018|      1.186151e+00|            1.526116e-02|
|GRB170116238|04 51 45.6|-87 25 48|2017-01-16 05:43:15.259|   9.216|      1.191193e+00|            1.458785e-01|
|GRB101202154|16 56 04.8|+58 28 48|2010-12-02 03:41:53.838|  18.432|      1.192255e+00|            2.286700e-01|
|GRB130215649|00 12 26.4|+59 22 48|2013-02-15 15:34:16.190|  58.113|      1.192920e+00|            1.918026e-02|
|GRB111127810|06 54 48.0|+03 30 00|2011-11-27 19:27:01.698|  19.008|      1.195556e+00|            2.285894e-02|
|GRB130523198|02 37 57.6|-63 04 12|2013-05-23 04:45:42.275|   5.376|      1.202306e+00|            3.756540e-02|
|GRB120522361|03 44 16.8|+54 51 00|2012-05-22 08:39:16.839|  28.160|      1.202780e+00|            2.938422e-02|
|GRB170124874|18 48 09.6|-75 30 36|2017-01-24 20:58:06.358|  22.784|      1.203354e+00|            2.070994e-02|
|GRB150322066|08 23 21.6|-48 03 00|2015-03-22 01:35:03.236|  15.613|      1.203372e+00|            4.240044e-02|
|GRB150607330|09 19 58.1|+68 26 12|2015-06-07 07:55:09.845|  26.173|      1.204704e+00|            5.509855e-02|
|GRB170114833|09 11 40.8|-28 27 36|2017-01-14 19:59:12.488|  29.184|      1.207636e+00|            1.957356e-02|
|GRB101112924|19 28 52.3|+39 21 32|2010-11-12 22:10:32.449|   9.472|      1.209209e+00|            5.388846e-02|
|GRB130527627|11 43 09.6|-02 31 12|2013-05-27 15:02:14.542|  27.776|      1.210062e+00|            2.782389e-02|
|GRB081231140|13 54 24.0|-35 48 00|2008-12-31 03:21:01.794|  28.736|      1.212970e+00|            1.618417e-02|
|GRB140721336|11 42 50.4|-41 12 36|2014-07-21 08:03:22.317| 127.746|      1.213874e+00|            1.363749e-02|
|GRB090928646|06 55 38.4|-43 31 48|2009-09-28 15:29:44.665|  15.616|      1.214219e+00|            6.368205e-02|
|GRB141229492|04 49 42.8|-19 13 58|2014-12-29 11:48:59.836|  13.824|      1.215896e+00|            4.039571e-02|
|GRB090910812|19 44 55.2|+72 16 48|2009-09-10 19:29:48.807|  53.441|      1.218195e+00|            2.144363e-02|
|GRB100714686|20 31 45.6|+61 18 00|2010-07-14 16:27:20.078|   5.632|      1.224256e+00|            8.980710e-02|
|GRB160303201|10 53 57.6|+56 56 24|2016-03-03 04:49:32.084|  48.129|      1.226483e+00|            2.299547e-02|
|GRB150614073|18 53 02.4|+23 57 00|2015-06-14 01:44:33.349|   5.120|      1.226685e+00|            4.195749e-02|
|GRB120916173|13 43 14.4|+36 39 36|2012-09-16 04:08:40.755|  52.993|      1.228301e+00|            2.178742e-02|
|GRB080906212|12 11 12.0|-06 24 00|2008-09-06 05:05:11.547|   2.875|      1.229756e+00|            2.216876e-02|
|GRB160216801|08 37 48.0|+13 42 00|2016-02-16 19:12:54.512|   7.677|      1.230497e+00|            2.626588e-02|
|GRB140108721|21 40 27.1|+58 44 41|2014-01-08 17:18:42.988|  91.393|      1.235261e+00|            2.058410e-02|
|GRB100515467|18 21 52.8|+27 00 36|2010-05-15 11:13:09.037|  10.624|      1.241265e+00|            2.807501e-02|
|GRB100511035|07 17 09.6|-04 39 00|2010-05-11 00:49:56.230|  42.433|      1.241483e+00|            1.545207e-02|
|GRB090101758|05 11 12.0|-31 36 00|2009-01-01 18:11:41.917| 108.802|      1.245667e+00|            2.308213e-02|
|GRB141004150|02 01 45.6|-77 18 00|2014-10-04 03:36:28.898|   9.472|      1.247266e+00|            2.814161e-02|
|GRB110929187|19 12 45.6|-62 12 36|2011-09-29 04:28:53.585|   5.120|      1.248429e+00|            5.467092e-02|
|GRB121128212|20 02 24.0|+54 17 59|2012-11-28 05:05:50.959|  17.344|      1.248807e+00|            2.762208e-02|
|GRB110720177|13 14 36.0|-44 17 24|2011-07-20 04:14:32.382|  11.200|      1.249055e+00|            3.036493e-02|
|GRB110903009|10 56 50.4|+42 04 48|2011-09-03 00:13:06.293|  27.133|      1.251064e+00|            2.649441e-02|
|GRB090717034|06 09 38.4|-62 28 48|2009-07-17 00:49:32.108|  65.537|      1.253735e+00|            1.431688e-02|
|GRB160316573|11 52 31.2|+60 45 36|2016-03-16 13:45:26.609|  17.920|      1.254146e+00|            7.565764e-02|
|GRB080730520|16 21 36.0|+04 36 00|2008-07-30 12:29:15.403|  17.408|      1.261174e+00|            3.611283e-02|
|GRB100225580|20 57 04.8|+00 12 36|2010-02-25 13:55:31.343|   6.400|      1.265808e+00|            2.841483e-02|
|GRB090720710|13 32 00.0|-54 48 00|2009-07-20 17:02:56.905|  10.752|      1.268578e+00|            2.986808e-02|
|GRB140906429|12 23 21.6|+00 58 48|2014-09-06 10:18:02.364|  20.736|      1.274108e+00|            2.357431e-02|
|GRB161227498|05 18 00.0|+39 09 00|2016-12-27 11:57:18.214|   2.560|      1.274327e+00|            7.363646e-02|
|GRB100816009|06 48 28.8|-26 39 36|2010-08-16 00:12:41.415|  62.401|      1.274695e+00|            2.754514e-02|
|GRB150724782|23 27 40.8|+03 40 12|2015-07-24 18:45:37.714|  37.889|      1.275355e+00|            1.546574e-02|
|GRB170121614|04 51 21.6|-12 39 00|2017-01-21 14:44:22.414|  46.337|      1.276837e+00|            1.646894e-02|
|GRB140306146|01 51 45.6|+48 58 48|2014-03-06 03:29:44.951|  51.713|      1.277455e+00|            9.845406e-03|
|GRB101024486|04 26 01.5|-77 15 53|2010-10-24 11:39:33.602|  20.224|      1.278035e+00|            1.224173e-01|
|GRB160401065|19 20 45.6|-28 54 00|2016-04-01 01:34:02.509|  20.992|      1.278517e+00|            1.958407e-02|
|GRB081129161|04 12 48.0|-54 54 00|2008-11-29 03:52:04.260|  62.657|      1.279943e+00|            2.657261e-02|
|GRB150729517|14 36 52.8|+05 45 00|2015-07-29 12:24:08.742|  35.585|      1.280922e+00|            2.000342e-02|
|GRB110710954|15 16 21.6|+48 24 00|2011-07-10 22:53:50.597|  22.720|      1.280989e+00|            2.257340e-02|
|GRB090909487|02 09 12.0|+53 55 12|2009-09-09 11:41:17.179|  14.336|      1.281298e+00|            1.148816e-01|
|GRB150821406|22 47 39.1|-57 53 39|2015-08-21 09:44:20.332| 103.426|      1.281461e+00|            1.016972e-02|
|GRB140501497|04 11 07.2|+43 15 00|2014-05-01 11:55:10.490|  22.144|      1.288849e+00|            3.669396e-02|
|GRB160721806|02 32 36.0|+34 31 12|2016-07-21 19:20:58.610|   9.984|      1.293635e+00|            8.076585e-02|
|GRB160407673|15 07 04.8|+35 31 48|2016-04-07 16:08:26.813|   7.104|      1.293824e+00|            4.254170e-02|
|GRB120801920|16 22 55.2|-47 22 12|2012-08-01 22:05:21.191| 479.239|      1.294977e+00|            3.431318e-02|
|GRB090828099|08 17 31.2|-26 08 24|2009-08-28 02:22:48.199|  68.417|      1.298200e+00|            2.027369e-02|
|GRB150430015|21 45 55.2|-27 54 08|2015-04-30 00:21:05.647| 111.618|      1.301177e+00|            2.915099e-02|
|GRB090612619|05 24 07.2|+17 42 36|2009-06-12 14:50:50.494|  37.120|      1.302690e+00|            4.004780e-02|
|GRB150602840|19 19 28.8|-74 12 36|2015-06-02 20:09:18.637|  10.496|      1.306772e+00|            3.079520e-02|
|GRB140308710|23 20 38.4|+73 01 48|2014-03-08 17:02:38.673|  12.032|      1.307752e+00|            2.826439e-02|
|GRB120512112|21 42 13.9|+13 38 10|2012-05-12 02:41:44.334|  18.176|      1.308320e+00|            2.336871e-02|
|GRB120926335|21 13 33.6|+58 22 48|2012-09-26 08:02:56.573|   4.288|      1.309051e+00|            4.278432e-02|
|GRB150210935|07 31 24.0|+12 21 36|2015-02-10 22:26:24.283|  31.294|      1.310159e+00|            1.511808e-02|
|GRB131216081|06 06 21.6|-35 30 00|2013-12-16 01:56:32.063|  19.262|      1.315763e+00|            3.059564e-02|
|GRB170808065|00 13 19.2|+62 17 24|2017-08-08 01:34:09.390|   4.352|      1.317162e+00|            5.077805e-02|
|GRB161001045|04 47 40.4|-57 15 41|2016-10-01 01:05:16.718|   2.240|      1.323773e+00|            5.598162e-02|
|GRB100313288|11 30 50.4|-52 34 48|2010-03-13 06:54:23.220|  12.864|      1.325391e+00|            4.059691e-02|
|GRB110605183|00 59 48.0|+52 27 36|2011-06-05 04:23:32.304|  82.689|      1.326329e+00|            2.080886e-02|
|GRB091030828|02 46 40.8|+21 32 24|2009-10-30 19:52:26.863|  98.050|      1.326934e+00|            1.789637e-02|
|GRB180611145|03 26 26.4|-47 51 36|2018-06-11 03:29:01.461|   8.960|      1.332606e+00|            3.300653e-02|
|GRB180219482|05 44 52.8|+32 18 36|2018-02-19 11:34:12.613| 108.034|      1.334553e+00|            1.464905e-02|
|GRB170803729|11 39 44.4|-16 18 43|2017-08-03 17:30:27.112|   3.584|      1.341230e+00|            4.321143e-02|
|GRB130828808|12 33 00.0|+27 53 24|2013-08-28 19:23:54.001|   3.904|      1.344872e+00|            4.178806e-02|
|GRB141205763|19 55 04.8|-07 49 12|2014-12-05 18:18:27.659|   5.437|      1.350391e+00|            3.238991e-02|
|GRB150514774|04 59 24.0|-60 54 36|2015-05-14 18:35:05.352|  10.813|      1.352293e+00|            3.324262e-02|
|GRB151212064|20 54 43.2|+58 15 00|2015-12-12 01:32:04.972|  13.312|      1.362050e+00|            2.563772e-02|
|GRB111012811|06 28 52.8|+67 03 00|2011-10-12 19:27:39.098|   7.936|      1.366493e+00|            4.343669e-02|
|GRB170802638|03 29 12.0|-39 12 36|2017-08-02 15:18:24.801|   2.240|      1.368340e+00|            6.361611e-02|
|GRB101126198|05 39 04.8|-22 33 00|2010-11-26 04:44:27.477|  43.837|      1.373781e+00|            1.407249e-02|
|GRB131031482|01 58 26.4|-01 34 48|2013-10-31 11:33:32.822|   7.424|      1.374479e+00|            3.065018e-02|
|GRB180605458|03 10 02.4|-48 01 30|2018-06-05 10:59:25.177|  24.064|      1.378642e+00|            2.275888e-02|
|GRB160912521|22 50 02.4|+24 44 24|2016-09-12 12:30:47.005|  84.481|      1.379432e+00|            1.900304e-02|
|GRB110201399|09 10 19.2|+88 36 19|2011-02-01 09:35:10.251|   8.192|      1.379478e+00|            1.122130e-01|
|GRB120709883|21 13 36.0|-50 06 00|2012-07-09 21:11:40.367|  27.328|      1.380032e+00|            2.138044e-02|
|GRB140606133|21 52 30.0|+32 00 51|2014-06-06 03:11:51.862|  22.784|      1.380173e+00|            3.308946e-02|
|GRB140619475|08 50 48.0|-09 42 00|2014-06-19 11:24:40.520|   2.816|      1.381513e+00|            1.234046e-01|
|GRB120827216|14 50 57.6|-71 53 24|2012-08-27 05:10:25.011|   5.056|      1.389012e+00|            6.674480e-02|
|GRB101016243|08 52 09.6|-04 37 12|2010-10-16 05:50:16.072|   3.840|      1.389412e+00|            3.863047e-02|
|GRB110517573|12 40 36.0|+06 17 24|2011-05-17 13:44:47.600|  23.040|      1.389579e+00|            2.485733e-02|
|GRB120618128|05 09 14.4|+75 51 00|2012-06-18 03:03:49.875|  17.600|      1.390677e+00|            2.735875e-02|
|GRB130604033|19 28 43.2|-24 51 36|2013-06-04 00:48:11.322|  26.880|      1.390961e+00|            1.916317e-02|
|GRB130518551|19 18 52.8|-04 09 00|2013-05-18 13:13:08.614|   4.096|      1.391827e+00|            6.066442e-02|
|GRB110318552|22 33 05.8|-15 16 55|2011-03-18 13:14:16.701|  14.464|      1.398926e+00|            2.339476e-02|
|GRB150506398|11 45 00.0|+07 33 36|2015-05-06 09:33:47.785|   6.784|      1.402842e+00|            3.583772e-02|
|GRB100528075|20 44 28.6|+27 48 36|2010-05-28 01:48:01.110|  22.464|      1.403010e+00|            1.480419e-02|
|GRB140610548|08 06 52.8|+06 19 12|2014-06-10 13:09:06.401|  36.865|      1.404345e+00|            1.707625e-02|
|GRB110120666|04 06 24.0|-12 00 00|2011-01-20 15:59:39.229|  26.173|      1.404796e+00|            2.726888e-02|
|GRB120624933|11 23 45.6|+08 55 48|2012-06-24 22:23:54.934| 271.364|      1.409833e+00|            7.758401e-03|
|GRB090328401|06 03 36.0|-42 00 00|2009-03-28 09:36:46.511|  61.697|      1.411147e+00|            1.291650e-02|
|GRB150622393|17 48 12.0|+33 15 00|2015-06-22 09:26:32.023|  60.673|      1.411450e+00|            1.540414e-02|
|GRB131209547|09 06 00.0|-33 12 00|2013-12-09 13:07:56.968|  13.568|      1.419882e+00|            2.077432e-02|
|GRB170423719|22 57 21.6|-04 15 36|2017-04-23 17:15:08.351|  46.593|      1.420260e+00|            1.348203e-02|
|GRB140430716|09 45 31.2|-36 52 48|2014-04-30 17:11:23.810|  26.368|      1.424109e+00|            3.259990e-02|
|GRB131008858|21 52 00.0|-25 58 48|2013-10-08 20:36:02.793|  36.349|      1.431984e+00|            4.255862e-02|
|GRB100212550|08 57 04.8|+32 13 12|2010-02-12 13:11:45.469|   3.773|      1.433061e+00|            4.983576e-02|
|GRB111221739|00 40 38.4|-29 46 12|2011-12-21 17:43:30.806|  27.136|      1.437232e+00|            6.622425e-02|
|GRB120316008|03 48 03.8|-56 17 17|2012-03-16 00:11:02.559|  26.624|      1.439068e+00|            2.108539e-02|
|GRB130517781|02 47 26.4|+42 39 36|2013-05-17 18:44:12.981|  33.280|      1.441517e+00|            1.512931e-02|
|GRB081122520|22 36 24.0|+40 00 00|2008-11-22 12:28:12.211|  23.296|      1.445563e+00|            3.062026e-02|
|GRB150817251|02 04 12.0|-41 00 00|2015-08-17 06:00:47.763|  13.312|      1.447177e+00|            5.136138e-02|
|GRB150913161|16 04 12.0|-53 47 24|2015-09-13 03:51:57.427|  20.992|      1.451050e+00|            2.362101e-02|
|GRB180612785|01 02 04.8|+15 06 36|2018-06-12 18:50:07.451| 101.122|      1.451238e+00|            2.245155e-02|
|GRB180126095|20 22 24.0|+43 31 48|2018-01-26 02:16:31.363|  18.432|      1.451949e+00|            2.873718e-02|
|GRB170915161|08 01 02.4|-38 25 12|2017-09-15 03:51:30.157|  15.613|      1.453887e+00|            3.259011e-02|
|GRB180703876|00 26 09.6|-67 06 00|2018-07-03 21:01:40.495|  20.736|      1.457143e+00|            2.055876e-02|
|GRB170705115|12 46 49.0|+18 18 27|2017-07-05 02:45:51.032|  22.781|      1.457418e+00|            2.593887e-02|
|GRB110717319|20 51 21.6|-14 50 24|2011-07-17 07:39:55.862|  90.369|      1.459777e+00|            1.335457e-02|
|GRB180504136|14 40 55.2|+38 43 12|2018-05-04 03:15:53.830|  25.345|      1.461067e+00|            2.081141e-02|
|GRB170610689|04 35 38.4|+46 28 48|2017-06-10 16:31:47.644|  19.200|      1.464135e+00|            2.163620e-02|
|GRB110919634|18 39 52.8|+66 25 48|2011-09-19 15:12:15.784|  35.073|      1.471036e+00|            1.666988e-02|
|GRB110521478|03 50 09.6|-62 20 24|2011-05-21 11:28:58.883|   6.141|      1.474943e+00|            5.139317e-02|
|GRB090528516|20 48 48.0|+32 42 00|2009-05-28 12:22:31.286|  79.041|      1.483363e+00|            1.278891e-02|
|GRB130828306|17 19 11.3|+28 12 56|2013-08-28 07:20:00.153| 136.962|      1.488923e+00|            1.295230e-02|
|GRB171230048|16 26 55.2|+13 05 24|2017-12-30 01:09:48.755|   9.984|      1.490533e+00|            2.879293e-02|
|GRB180416924|23 34 09.6|+74 37 48|2018-04-16 22:10:11.507|  69.888|      1.496731e+00|            8.444161e-02|
|GRB170423872|13 58 24.0|+26 22 12|2017-04-23 20:55:23.307|   9.984|      1.497782e+00|            3.483845e-02|
|GRB160225809|10 00 45.6|-34 42 36|2016-02-25 19:24:25.394|  64.257|      1.499798e+00|            1.757718e-02|
|GRB180119837|23 14 52.8|-15 01 48|2018-01-19 20:04:52.293|   3.008|      1.504597e+00|            4.080526e-02|
|GRB090323002|12 42 48.0|+17 06 00|2009-03-23 00:02:42.627| 133.890|      1.510317e+00|            8.664276e-03|
|GRB160819852|07 36 33.4|-22 20 49|2016-08-19 20:27:35.489|  33.536|      1.515525e+00|            2.091490e-02|
|GRB090922539|01 08 38.4|+74 18 00|2009-09-22 12:56:42.137|  87.041|      1.516078e+00|            2.237268e-02|
|GRB140506880|18 27 06.0|-55 38 07|2014-05-06 21:07:36.877|  64.128|      1.520348e+00|            6.958627e-02|
|GRB130727698|22 03 11.8|-65 32 18|2013-07-27 16:45:20.911|  12.992|      1.527018e+00|            4.043355e-02|
|GRB141118678|10 32 28.8|+19 45 36|2014-11-18 16:15:50.310|   4.352|      1.529386e+00|            5.473266e-02|
|GRB130829672|17 14 02.4|+06 00 00|2013-08-29 16:08:01.073|   6.656|      1.533263e+00|            5.158086e-02|
|GRB150324319|19 40 50.4|-20 02 24|2015-03-24 07:39:08.884|  13.056|      1.537225e+00|            2.642422e-02|
|GRB091031500|04 46 48.0|-57 30 00|2009-10-31 12:00:28.846|  33.921|      1.537830e+00|            2.765471e-02|
|GRB090813174|15 03 12.5|+88 34 07|2009-08-13 04:10:42.593|   7.552|      1.538017e+00|            5.358440e-02|
|GRB170126480|17 34 31.9|-64 45 38|2017-01-26 11:30:41.537|  13.824|      1.541312e+00|            2.784330e-02|
|GRB080715950|14 18 48.0|+09 54 00|2008-07-15 22:48:40.163|   7.872|      1.544348e+00|            4.037490e-02|
|GRB160215773|23 47 09.6|+01 43 48|2016-02-15 18:33:30.387| 141.314|      1.552270e+00|            1.439520e-02|
|GRB180404091|03 33 35.2|-50 12 54|2018-04-04 02:11:38.644|  80.897|      1.552752e+00|            1.880895e-02|
|GRB171210493|22 21 09.6|+24 26 24|2017-12-10 11:49:15.261| 143.107|      1.553554e+00|            8.761189e-03|
|GRB141222691|06 29 43.2|+40 07 48|2014-12-22 16:34:30.340|  34.049|      1.555375e+00|            1.573629e-02|
|GRB140716436|07 12 41.5|-60 10 33|2014-07-16 10:27:57.664| 168.253|      1.563176e+00|            5.022784e-02|
|GRB081110601|07 26 48.0|+21 24 00|2008-11-10 14:25:43.032|  11.776|      1.565301e+00|            3.690962e-02|
|GRB111216389|12 23 57.6|+05 49 48|2011-12-16 09:20:31.510|  81.921|      1.571186e+00|            1.576751e-02|
|GRB080817161|09 55 36.0|-16 18 00|2008-08-17 03:52:10.537|  60.289|      1.577416e+00|            1.241571e-02|
|GRB140818229|13 18 15.1|+06 55 21|2014-08-18 05:30:09.122| 109.250|      1.577434e+00|            1.343639e-02|
|GRB150530488|21 50 02.6|+57 30 59|2015-05-30 11:42:15.607|   7.168|      1.584354e+00|            4.173946e-02|
|GRB110101202|17 37 02.4|+36 32 24|2011-01-01 04:50:20.479|   3.584|      1.590118e+00|            2.864174e-01|
|GRB150523396|07 41 08.6|-45 25 15|2015-05-23 09:29:48.081|  82.433|      1.590122e+00|            1.747315e-02|
|GRB140206275|21 01 02.4|-08 31 12|2014-02-06 06:36:12.843| 146.690|      1.592925e+00|            7.765712e-03|
|GRB120830212|22 31 28.8|-80 02 24|2012-08-30 05:04:52.744|  16.064|      1.594494e+00|            5.266402e-02|
|GRB100517639|03 30 55.2|-71 52 12|2010-05-17 15:19:58.025|   5.440|      1.601076e+00|            4.319255e-02|
|GRB120921877|06 25 40.8|-64 46 12|2012-09-21 21:03:03.774|   5.632|      1.617484e+00|            5.209832e-02|
|GRB110316139|03 06 48.0|-67 34 48|2011-03-16 03:19:41.863|   2.944|      1.620642e+00|            3.998762e-01|
|GRB120226447|05 50 21.6|+52 21 00|2012-02-26 10:44:16.385|  14.592|      1.622727e+00|            5.786983e-02|
|GRB160325291|01 02 36.5|-72 41 48|2016-03-25 06:59:21.511|  42.945|      1.630866e+00|            2.029451e-02|
|GRB091101143|01 59 12.0|-33 40 48|2009-11-01 03:26:32.489|  10.688|      1.632897e+00|            3.698421e-02|
|GRB150630223|07 47 14.4|-21 18 36|2015-06-30 05:20:46.538|  22.784|      1.634485e+00|            3.337400e-02|
|GRB161109263|10 31 26.4|+61 48 00|2016-11-09 06:18:45.665|  23.552|      1.642244e+00|            2.362310e-02|
|GRB100122616|05 16 48.0|-02 42 36|2010-01-22 14:47:37.314|  22.529|      1.645629e+00|            3.138442e-02|
|GRB170607971|00 29 22.3|+09 14 17|2017-06-07 23:17:59.567|  20.928|      1.649229e+00|            3.586044e-02|
|GRB150202999|05 47 04.8|+58 33 00|2015-02-02 23:59:08.273| 167.427|      1.657154e+00|            1.595427e-02|
|GRB080723985|07 01 12.0|+71 06 00|2008-07-23 23:37:42.708|  42.816|      1.659689e+00|            2.097124e-02|
|GRB120102095|18 24 54.0|+24 42 49|2012-01-02 02:16:23.239|  28.416|      1.660721e+00|            2.633385e-02|
|GRB121102064|17 13 52.8|+14 05 24|2012-11-02 01:32:47.937|   2.048|      1.661342e+00|            3.527193e-01|
|GRB110622158|08 55 50.4|+19 27 36|2011-06-22 03:47:19.105|  70.401|      1.668108e+00|            1.056482e-02|
|GRB130406288|10 31 07.2|-62 03 00|2013-04-06 06:55:03.462|   7.936|      1.668656e+00|            4.888741e-02|
|GRB180411519|23 47 19.0|+66 47 28|2018-04-11 12:27:40.969|  77.570|      1.669517e+00|            4.271024e-02|
|GRB100814351|08 11 16.8|+18 29 24|2010-08-14 08:25:25.746|   7.424|      1.671615e+00|            3.788964e-02|
|GRB170825500|00 14 33.6|+20 07 12|2017-08-25 12:00:05.998|   7.168|      1.672951e+00|            2.994429e-02|
|GRB090217206|13 39 36.0|-08 24 00|2009-02-17 04:56:42.558|  33.281|      1.675848e+00|            1.871425e-02|
|GRB150324164|12 03 14.4|-42 43 12|2015-03-24 03:56:10.923|   4.608|      1.676731e+00|            5.077504e-02|
|GRB080821332|15 54 24.0|+32 36 00|2008-08-21 07:57:26.479|   5.888|      1.678597e+00|            5.145719e-02|
|GRB110618366|11 47 13.9|-71 41 17|2011-06-18 08:47:36.383| 163.843|      1.684548e+00|            2.530810e-02|
|GRB140817293|08 29 03.6|+58 11 24|2014-08-17 07:01:58.190|  16.128|      1.689117e+00|            5.807676e-02|
|GRB100701490|02 52 26.2|-02 13 26|2010-07-01 11:45:23.069|  22.016|      1.692275e+00|            2.800308e-02|
|GRB180701469|13 21 52.8|-16 22 12|2018-07-01 11:15:04.510|  25.601|      1.693786e+00|            1.308385e-01|
|GRB130305486|07 47 03.6|+52 01 30|2013-03-05 11:39:11.369|  25.600|      1.694077e+00|            1.647723e-02|
|GRB170208940|08 28 34.6|-09 01 47|2017-02-08 22:33:36.532|  22.016|      1.696671e+00|            2.566121e-02|
|GRB140608713|14 07 50.4|+53 49 12|2014-06-08 17:07:10.509|   6.400|      1.700743e+00|            9.785018e-02|
|GRB130209961|02 14 21.6|-27 34 48|2013-02-09 23:03:41.793|   9.790|      1.708756e+00|            2.994665e-02|
|GRB150426594|01 10 33.6|-30 13 48|2015-04-26 14:15:31.223|  22.528|      1.716637e+00|            3.864864e-02|
|GRB100211440|08 49 00.0|+29 29 24|2010-02-11 10:33:35.169|  21.376|      1.718290e+00|            3.268561e-02|
|GRB080925775|06 24 24.0|+18 12 00|2008-09-25 18:35:55.997|  31.744|      1.718823e+00|            2.060242e-02|
|GRB090131090|23 29 12.0|+21 12 00|2009-01-31 02:09:21.149|  35.073|      1.720485e+00|            2.356668e-02|
|GRB130121835|14 05 14.4|-49 29 24|2013-01-21 20:01:59.967| 178.691|      1.725471e+00|            1.876801e-02|
|GRB160227831|08 13 43.2|-48 16 12|2016-02-27 19:57:06.331|   7.680|      1.727119e+00|            2.798170e-02|
|GRB091120191|15 07 14.4|-21 47 24|2009-11-20 04:34:40.230|  50.177|      1.738174e+00|            1.713614e-02|
|GRB100728095|05 55 02.6|-15 15 22|2010-07-28 02:17:30.611| 165.378|      1.739945e+00|            1.031595e-02|
|GRB081222204|01 30 48.0|-34 06 00|2008-12-22 04:54:00.256|  18.880|      1.748139e+00|            2.452021e-02|
|GRB100410740|05 12 31.2|+61 19 48|2010-04-10 17:45:46.662|  22.016|      1.754276e+00|            7.151204e-02|
|GRB160317385|06 22 48.0|+68 59 24|2016-03-17 09:14:06.100|  43.776|      1.754295e+00|            2.077471e-01|
|GRB090720276|13 34 46.6|-10 20 06|2009-07-20 06:38:08.283|   4.480|      1.759086e+00|            6.360102e-02|
|GRB170510217|10 39 38.6|-39 19 41|2017-05-10 05:12:25.735| 127.746|      1.768282e+00|            1.684741e-02|
|GRB130715906|19 09 28.8|-31 03 00|2013-07-15 21:44:09.642|  47.873|      1.770570e+00|            1.784677e-02|
|GRB111009282|12 12 09.6|-56 49 12|2011-10-09 06:45:40.173|  20.736|      1.775125e+00|            2.098416e-02|
|GRB141207800|10 39 57.6|+03 54 36|2014-12-07 19:11:21.105|  20.992|      1.778010e+00|            2.442520e-02|
|GRB121223300|03 20 26.4|+21 22 12|2012-12-23 07:11:19.812|  11.005|      1.784051e+00|            2.730570e-02|
|GRB150222450|11 21 12.0|-46 12 00|2015-02-22 10:48:07.412|  65.281|      1.788755e+00|            2.501834e-02|
|GRB100116897|20 20 04.8|+14 27 00|2010-01-16 21:31:00.242| 102.530|      1.791480e+00|            1.931198e-02|
|GRB130614997|21 36 43.2|-33 53 24|2013-06-14 23:56:09.744|   9.280|      1.799298e+00|            3.393300e-02|
|GRB160724444|03 45 40.8|+16 13 48|2016-07-24 10:40:02.655|  11.008|      1.800289e+00|            2.944287e-02|
|GRB080730786|16 26 24.0|+28 42 00|2008-07-30 18:51:38.181|  13.312|      1.803378e+00|            3.353031e-02|
|GRB151030999|19 50 31.2|+30 51 00|2015-10-30 23:58:22.637| 116.482|      1.809189e+00|            1.290340e-02|
|GRB170402285|22 01 26.4|-10 37 48|2017-04-02 06:50:54.391|   7.229|      1.810099e+00|            3.082400e-02|
|GRB101225377|04 02 43.2|+32 46 12|2010-12-25 09:02:53.498|  81.218|      1.812712e+00|            2.441987e-02|
|GRB170511249|20 02 31.9|+33 18 54|2017-05-11 05:59:11.916|  40.705|      1.818196e+00|            1.574264e-02|
|GRB170817529|13 09 48.0|-23 22 53|2017-08-17 12:41:06.475|   2.048|      1.824908e+00|            2.272129e-01|
|GRB140213807|07 00 52.3|-73 08 10|2014-02-13 19:21:32.348|  18.624|      1.825106e+00|            1.701500e-02|
|GRB130219775|20 14 55.2|+40 49 48|2013-02-19 18:35:51.731|  96.129|      1.825678e+00|            1.857248e-02|
|GRB140808038|14 44 53.3|+49 12 53|2014-08-08 00:54:00.618|   4.477|      1.826449e+00|            4.655033e-02|
|GRB170209048|07 23 07.0|-52 14 47|2017-02-09 01:08:38.077|  39.677|      1.827065e+00|            3.671272e-02|
|GRB100302061|11 04 45.6|+31 30 36|2010-03-02 01:28:01.644|   2.240|      1.827811e+00|            1.662485e-01|
|GRB121029350|15 07 04.8|-28 12 00|2012-10-29 08:24:19.934|  15.808|      1.827873e+00|            3.275368e-02|
|GRB090902401|19 23 55.2|+53 06 36|2009-09-02 09:38:05.494|   3.200|      1.829230e+00|            7.458229e-02|
|GRB131214705|12 15 45.6|-06 20 24|2013-12-14 16:55:55.596|  80.065|      1.831999e+00|            1.054492e-02|
|GRB090520850|07 24 48.0|-19 42 00|2009-05-20 20:23:19.308|   3.776|      1.834004e+00|            5.785863e-02|
|GRB140824548|03 42 31.2|+04 21 00|2014-08-24 13:08:46.174|   4.096|      1.834755e+00|            9.844768e-02|
|GRB110819665|09 17 57.6|-76 38 24|2011-08-19 15:57:54.972|  16.384|      1.836741e+00|            1.198095e-01|
|GRB130725527|02 49 48.0|+64 49 12|2013-07-25 12:38:40.770|   6.656|      1.841783e+00|            4.652854e-02|
|GRB140827763|08 42 36.0|+35 48 00|2014-08-27 18:18:03.338|  20.992|      1.854799e+00|            2.777700e-02|
|GRB150319271|00 28 31.2|+28 03 36|2015-03-19 06:29:49.453|  10.496|      1.855663e+00|            4.574938e-02|
|GRB120703726|22 37 25.4|-29 43 28|2012-07-03 17:25:17.032|   8.960|      1.858842e+00|            4.042899e-02|
|GRB150422703|14 20 24.0|-20 51 36|2015-04-22 16:52:33.993|  36.865|      1.860866e+00|            1.532571e-02|
|GRB170403707|16 24 09.6|+41 48 36|2017-04-03 16:57:33.246|  14.016|      1.868151e+00|            4.573220e-02|
|GRB180125891|14 13 16.8|-52 40 12|2018-01-25 21:22:24.193|  22.784|      1.870872e+00|            2.112375e-02|
|GRB180515814|09 14 19.2|+73 52 12|2018-05-15 19:32:24.313|  20.224|      1.889397e+00|            3.370603e-02|
|GRB170817908|05 32 07.2|+50 04 12|2017-08-17 21:47:34.434|   2.624|      1.890295e+00|            6.247505e-02|
|GRB120308588|02 03 00.0|+55 13 12|2012-03-08 14:06:05.773|  25.600|      1.891414e+00|            5.922330e-02|
|GRB141005217|19 24 22.3|+36 05 43|2014-10-05 05:13:06.968|   3.392|      1.901778e+00|            6.640904e-02|
|GRB170101116|04 42 33.6|-01 34 48|2017-01-01 02:47:17.867|  12.800|      1.902125e+00|            2.725361e-02|
|GRB130609902|03 35 04.8|-40 10 34|2013-06-09 21:38:35.610| 191.491|      1.905008e+00|            2.028016e-02|
|GRB100717446|20 17 14.4|+19 31 48|2010-07-17 10:41:47.118|   2.432|      1.906195e+00|            1.539009e-01|
|GRB130304410|06 35 43.2|+53 34 12|2013-03-04 09:49:53.099|  67.841|      1.908445e+00|            3.080253e-02|
|GRB120226871|20 11 43.2|+48 39 54|2012-02-26 20:54:17.027|  52.993|      1.914005e+00|            1.344382e-02|
|GRB161015710|17 56 36.0|+30 11 24|2016-10-15 17:03:07.042|  15.104|      1.918324e+00|            2.588006e-02|
|GRB180623849|13 17 36.0|-04 15 36|2018-06-23 20:22:30.250|  15.872|      1.920210e+00|            4.809480e-02|
|GRB090529564|10 50 48.0|+47 18 00|2009-05-29 13:32:00.488|   9.853|      1.921120e+00|            3.500610e-02|
|GRB130612456|16 31 45.6|+31 01 12|2013-06-12 10:57:14.628|  10.240|      1.931876e+00|            2.973091e-02|
|GRB160118060|01 10 52.8|+59 46 48|2016-01-18 01:25:42.450|  46.849|      1.936642e+00|            2.384921e-02|
|GRB150228845|15 25 16.8|-41 52 12|2015-02-28 20:16:18.114|   4.125|      1.937274e+00|            4.854905e-02|
|GRB121225417|20 41 48.0|-34 49 48|2012-12-25 10:00:53.583|  58.497|      1.941098e+00|            1.249887e-02|
|GRB090102122|08 32 48.0|+33 06 00|2009-01-02 02:55:30.846|  26.624|      1.946861e+00|            1.898619e-02|
|GRB141028455|21 30 24.2|-00 13 52|2014-10-28 10:54:46.783|  31.489|      1.957658e+00|            1.629913e-02|
|GRB130331566|10 57 52.8|+29 38 24|2013-03-31 13:35:44.870|  13.824|      1.958559e+00|            4.252171e-02|
|GRB090514726|20 17 16.0|-24 24 00|2009-05-14 17:26:07.332|   2.240|      1.960278e+00|            8.400302e-02|
|GRB130216927|04 31 36.0|+14 40 12|2013-02-16 22:15:21.419|   6.592|      1.968787e+00|            3.958821e-02|
|GRB120119170|08 00 07.0|-09 48 11|2012-01-19 04:04:25.064|  55.297|      1.972693e+00|            1.643307e-02|
|GRB081121858|05 57 12.0|-60 36 00|2008-11-21 20:35:27.754|  41.985|      1.972983e+00|            4.321877e-02|
|GRB161020759|04 24 21.6|-75 39 00|2016-10-20 18:13:12.938|  24.320|      1.982051e+00|            1.907096e-02|
|GRB110709642|15 55 36.0|+40 54 00|2011-07-09 15:24:27.368|  43.201|      2.014553e+00|            1.872143e-02|
|GRB171022885|14 28 14.4|+11 54 36|2017-10-22 21:14:20.770|  13.278|      2.023875e+00|            3.338303e-02|
|GRB101208498|18 43 45.6|-59 01 12|2010-12-08 11:57:01.198|   2.048|      2.024203e+00|            4.527959e-02|
|GRB130701060|06 31 09.6|-60 07 48|2013-07-01 01:27:06.273|  20.224|      2.028196e+00|            5.642242e-02|
|GRB111012456|10 16 02.4|+68 05 24|2011-10-12 10:56:37.442|  20.736|      2.030673e+00|            3.015321e-02|
|GRB170405777|14 39 14.4|-25 14 38|2017-04-05 18:39:22.886|  78.593|      2.038588e+00|            1.189951e-02|
|GRB141220252|13 00 16.1|+32 08 01|2014-12-20 06:02:52.486|   7.616|      2.041034e+00|            3.844091e-02|
|GRB130821674|20 56 24.0|-12 00 00|2013-08-21 16:10:28.011|  87.041|      2.043143e+00|            1.226670e-02|
|GRB080916009|07 59 12.0|-56 36 00|2008-09-16 00:12:45.614|  62.977|      2.049206e+00|            1.683387e-02|
|GRB130325203|08 11 07.2|-18 54 00|2013-03-25 04:51:54.298|   6.912|      2.051157e+00|            3.527231e-02|
|GRB090112729|12 49 12.0|+25 24 00|2009-01-12 17:30:15.454|  14.080|      2.060535e+00|            3.769094e-02|
|GRB100724029|07 58 23.8|+75 51 22|2010-07-24 00:42:05.992| 114.690|      2.062154e+00|            7.396107e-03|
|GRB120727681|02 31 02.4|+16 21 36|2012-07-27 16:20:19.529|  10.496|      2.085438e+00|            2.931668e-02|
|GRB100916779|10 07 50.4|-59 22 48|2010-09-16 18:41:12.493|  12.800|      2.095656e+00|            2.875136e-01|
|GRB170210116|15 04 13.2|-65 06 04|2017-02-10 02:47:36.576|  76.545|      2.099419e+00|            1.474979e-02|
|GRB110307972|12 52 28.8|+15 38 24|2011-03-07 23:19:08.258|   2.304|      2.111876e+00|            1.885223e-01|
|GRB150309958|18 28 24.5|+86 25 43|2015-03-09 22:59:50.658|  52.481|      2.116444e+00|            1.579706e-02|
|GRB130815660|07 29 28.8|-02 09 00|2013-08-15 15:50:52.217|  37.889|      2.147136e+00|            2.645795e-02|
|GRB101227406|16 02 00.0|-24 30 00|2010-12-27 09:45:06.568| 153.347|      2.155989e+00|            9.141029e-02|
|GRB161229878|05 24 07.2|+06 18 36|2016-12-29 21:03:48.821|  33.537|      2.157768e+00|            1.910481e-02|
|GRB161206064|00 03 45.6|-34 01 12|2016-12-06 01:32:28.077|  33.537|      2.163118e+00|            2.087283e-02|
|GRB130220964|20 24 48.0|+31 44 24|2013-02-20 23:08:48.202|   6.400|      2.166572e+00|            3.210812e-02|
|GRB180314030|06 37 03.6|-24 29 47|2018-03-14 00:43:19.898|  22.016|      2.179732e+00|            3.644017e-02|
|GRB100722096|15 55 04.8|-15 36 36|2010-07-22 02:18:37.242|   7.165|      2.183990e+00|            3.079034e-02|
|GRB090620400|15 49 24.0|+61 09 00|2009-06-20 09:36:23.468|  13.568|      2.186630e+00|            2.615948e-02|
|GRB110920546|13 59 16.8|-27 33 36|2011-09-20 13:05:43.812| 160.771|      2.187419e+00|            9.311290e-03|
|GRB170614486|14 42 50.4|+47 30 00|2017-06-14 11:39:46.658|  26.880|      2.202809e+00|            4.797051e-02|
|GRB180505540|00 18 02.4|-59 53 24|2018-05-05 12:57:09.907|  21.760|      2.206569e+00|            4.023723e-02|
|GRB111220486|17 50 24.0|-56 03 00|2011-12-20 11:40:26.242|  39.041|      2.206658e+00|            1.595128e-02|
|GRB111017657|00 32 24.0|-07 00 36|2011-10-17 15:45:23.719|  11.072|      2.206843e+00|            2.754619e-02|
|GRB150127589|09 29 38.4|-03 08 24|2015-01-27 14:08:26.677|  60.929|      2.216897e+00|            1.306363e-02|
|GRB130112353|13 05 09.6|-31 56 24|2013-01-12 08:27:47.795|   2.048|      2.228350e+00|            1.211044e-01|
|GRB170527480|13 00 45.6|+00 56 24|2017-05-27 11:31:02.374|  49.153|      2.228708e+00|            1.392950e-02|
|GRB160928825|08 41 33.6|+08 08 24|2016-09-28 19:48:03.678|   6.141|      2.232676e+00|            4.590404e-02|
|GRB180113116|01 16 51.6|+68 40 55|2018-01-13 02:47:06.136|  11.264|      2.232737e+00|            2.981394e-02|
|GRB090718762|18 16 28.8|-36 23 24|2009-07-18 18:17:42.841|  23.744|      2.238560e+00|            2.400189e-02|
|GRB100910818|15 52 24.0|-34 37 12|2010-09-10 19:37:43.963|  13.824|      2.238640e+00|            2.728700e-02|
|GRB170115743|12 36 28.8|-46 51 00|2017-01-15 17:49:14.034|  44.288|      2.262234e+00|            2.074061e-02|
|GRB140621827|01 40 19.9|+22 25 26|2014-06-21 19:50:10.894|   6.400|      2.273694e+00|            6.182270e-02|
|GRB100131730|08 01 36.0|+16 27 00|2010-01-31 17:30:57.670|   3.520|      2.323793e+00|            3.874905e-02|
|GRB170906030|13 35 49.2|-47 06 03|2017-09-06 00:43:08.152|  78.849|      2.326970e+00|            1.367376e-02|
|GRB120206949|04 53 48.0|+58 24 36|2012-02-06 22:46:16.685|   9.472|      2.333894e+00|            5.989247e-02|
|GRB090829672|21 56 55.2|-34 11 24|2009-08-29 16:07:38.864|  67.585|      2.335538e+00|            1.332456e-02|
|GRB180615462|03 43 04.8|+78 16 48|2018-06-15 11:05:56.317|  22.528|      2.347707e+00|            6.262696e-02|
|GRB160106948|12 06 26.4|+17 27 00|2016-01-06 22:45:30.929|  39.425|      2.372626e+00|            2.379956e-02|
|GRB160421137|03 08 55.2|+62 46 48|2016-04-21 03:17:33.153|  25.088|      2.375297e+00|            2.359074e-02|
|GRB101023951|21 11 52.8|-65 23 09|2010-10-23 22:50:04.727|  76.801|      2.382614e+00|            2.062593e-02|
|GRB120919309|14 19 04.3|-45 33 50|2012-09-19 07:24:41.979|  21.248|      2.384555e+00|            2.590550e-02|
|GRB100918863|20 33 38.4|-45 57 36|2010-09-18 20:42:18.015|  88.834|      2.429323e+00|            1.466481e-02|
|GRB170114917|00 48 19.2|-12 33 00|2017-01-14 22:01:09.495|  12.032|      2.434963e+00|            2.940866e-02|
|GRB110407998|06 29 38.4|-11 57 00|2011-04-07 23:56:57.060|   9.024|      2.442003e+00|            2.833867e-02|
|GRB150510139|01 04 38.4|+04 47 24|2015-05-10 03:19:53.738|  51.904|      2.448647e+00|            1.389670e-02|
|GRB171120556|10 55 09.8|+22 27 30|2017-11-20 13:20:02.372|  44.062|      2.460757e+00|            2.955132e-02|
|GRB100707032|23 24 16.8|-06 34 12|2010-07-07 00:46:38.987|  81.793|      2.464060e+00|            1.639520e-02|
|GRB140821997|11 38 52.8|+13 31 48|2014-08-21 23:56:02.842|  32.513|      2.478278e+00|            1.912669e-02|
|GRB110123804|16 27 52.8|+28 01 48|2011-01-23 19:17:45.045|  17.856|      2.486550e+00|            2.615843e-02|
|GRB131118958|23 19 27.1|-66 49 59|2013-11-18 22:58:57.465|  85.249|      2.497911e+00|            3.326029e-02|
|GRB110721200|22 09 49.4|-38 37 41|2011-07-21 04:47:43.761|  21.822|      2.511318e+00|            2.112262e-02|
|GRB130518580|23 42 41.0|+47 28 41|2013-05-18 13:54:37.525|  48.577|      2.531876e+00|            1.383278e-02|
|GRB120217904|19 54 55.2|+32 42 00|2012-02-17 21:41:57.768|   2.624|      2.554748e+00|            5.744680e-02|
|GRB180113011|00 26 47.3|+24 01 16|2018-01-13 00:16:00.471|  15.872|      2.568790e+00|            3.176826e-02|
|GRB111003465|18 27 02.4|-62 19 12|2011-10-03 11:10:00.230|  16.640|      2.576749e+00|            2.721883e-02|
|GRB171102107|12 30 55.2|+54 01 48|2017-11-02 02:33:35.989|  48.385|      2.579936e+00|            2.092653e-02|
|GRB140206304|09 41 20.2|+66 45 39|2014-02-06 07:18:15.983|  27.264|      2.586968e+00|            3.930751e-02|
|GRB091003191|16 46 04.8|+36 37 29|2009-10-03 04:35:45.585|  20.224|      2.591883e+00|            2.642579e-02|
|GRB101231067|12 46 50.4|+17 38 24|2010-12-31 01:36:50.611|  23.613|      2.597266e+00|            3.661026e-02|
|GRB130504978|06 06 31.3|+03 50 02|2013-05-04 23:28:57.518|  73.217|      2.599131e+00|            1.365088e-02|
|GRB130425327|01 11 07.2|-72 51 00|2013-04-25 07:51:16.235|  62.209|      2.606716e+00|            4.050842e-02|
|GRB131122490|17 26 40.8|+33 22 48|2013-11-22 11:45:05.397|  23.040|      2.606893e+00|            3.537459e-02|
|GRB170422343|12 34 31.2|+16 49 12|2017-04-22 08:13:54.623|  25.344|      2.612354e+00|            2.528925e-02|
|GRB100804104|16 35 52.8|+27 27 00|2010-08-04 02:29:26.348|   6.592|      2.633476e+00|            3.493260e-02|
|GRB100816026|23 26 57.1|+26 34 43|2010-08-16 00:37:50.944|   2.045|      2.633760e+00|            5.828522e-02|
|GRB101014175|01 47 45.6|-51 04 12|2010-10-14 04:11:52.622| 449.415|      2.635524e+00|            1.066597e-02|
|GRB130630272|11 20 02.4|+60 03 36|2013-06-30 06:31:19.699|  17.152|      2.636553e+00|            4.072953e-02|
|GRB120304248|18 29 07.2|-46 13 12|2012-03-04 05:57:47.780|   5.376|      2.639078e+00|            5.857021e-02|
|GRB180401846|11 06 16.8|-41 25 12|2018-04-01 20:17:36.690|  23.040|      2.650885e+00|            3.867400e-02|
|GRB170207906|21 02 49.0|+55 41 24|2017-02-07 21:45:03.673|  38.913|      2.654859e+00|            2.138871e-02|
|GRB161106499|13 28 12.0|+64 52 48|2016-11-06 11:57:53.617|  10.752|      2.658746e+00|            2.690918e-02|
|GRB170308221|14 25 24.0|-46 19 48|2017-03-08 05:17:59.376|  11.520|      2.665513e+00|            2.786658e-02|
|GRB090929190|03 26 48.0|-07 20 24|2009-09-29 04:33:03.966|   6.174|      2.667235e+00|            7.970384e-02|
|GRB170214649|17 05 19.2|-01 52 48|2017-02-14 15:34:26.924| 122.882|      2.674744e+00|            1.041456e-02|
|GRB081221681|01 03 12.0|-24 30 00|2008-12-21 16:21:12.218|  29.697|      2.680195e+00|            2.062754e-02|
|GRB140528837|18 42 55.4|-59 04 48|2014-05-28 20:05:22.750|  13.568|      2.683761e+00|            2.648057e-02|
|GRB151227072|13 42 00.0|+65 52 12|2015-12-27 01:44:07.692|   3.389|      2.694932e+00|            5.006836e-02|
|GRB140508128|17 01 52.1|+46 46 49|2014-05-08 03:03:54.598|  44.288|      2.700539e+00|            2.539919e-02|
|GRB160509374|20 40 24.0|+76 00 00|2016-05-09 08:58:46.219| 369.670|      2.717607e+00|            1.068679e-02|
|GRB100612726|23 28 00.0|-01 49 48|2010-06-12 17:26:06.127|   8.576|      2.724723e+00|            3.039649e-02|
|GRB090626189|11 20 02.4|-33 30 00|2009-06-26 04:32:08.880|  48.897|      2.751157e+00|            2.162516e-02|
|GRB091127976|02 26 19.9|-18 57 09|2009-11-27 23:25:45.483|   8.701|      2.761162e+00|            2.677457e-02|
|GRB110112934|00 42 24.0|+64 24 36|2011-01-12 22:24:55.290|   2.304|      2.761976e+00|            2.744106e-01|
|GRB160113398|12 29 02.4|+11 31 48|2016-01-13 09:32:30.524|  24.576|      2.790303e+00|            1.965486e-02|
|GRB180210517|00 07 22.0|+18 33 10|2018-02-10 12:24:38.548|  38.913|      2.828593e+00|            1.637314e-02|
|GRB151227218|19 21 08.2|+35 24 54|2015-12-27 05:13:48.856|  42.753|      2.857176e+00|            2.077559e-02|
|GRB161004964|07 28 37.7|-39 53 42|2016-10-04 23:07:54.787|  12.800|      2.888004e+00|            3.243027e-02|
|GRB130228212|16 03 00.0|-55 12 36|2013-02-28 05:05:57.052|  15.677|      2.895363e+00|            6.765058e-02|
|GRB081101532|13 50 00.0|-28 00 00|2008-11-01 12:45:24.082|   8.256|      2.913309e+00|            5.514060e-02|
|GRB110909116|23 09 21.6|-24 13 12|2011-09-09 02:46:58.190|  20.736|      2.953988e+00|            2.300688e-01|
|GRB131127592|20 24 21.6|-00 48 36|2013-11-27 14:12:18.363|  18.176|      3.028856e+00|            2.078660e-02|
|GRB130310840|09 29 21.6|-17 13 48|2013-03-10 20:09:41.503|  16.000|      3.039227e+00|            4.602614e-02|
|GRB120728434|06 55 05.3|-45 53 35|2012-07-28 10:25:24.236| 100.481|      3.044580e+00|            1.646631e-02|
|GRB090809978|06 21 00.0|+00 09 36|2009-08-09 23:28:14.611|  11.008|      3.054054e+00|            3.161581e-02|
|GRB160720767|03 52 36.7|+73 53 35|2016-07-20 18:23:56.999|  69.889|      3.082732e+00|            1.554365e-02|
|GRB081009140|16 42 00.0|+18 24 00|2008-10-09 03:20:58.063|  41.345|      3.120083e+00|            3.623755e-02|
|GRB120427054|14 59 44.4|+29 18 40|2012-04-27 01:17:27.791|   5.376|      3.142834e+00|            4.760603e-02|
|GRB080723557|11 47 12.0|-60 12 00|2008-07-23 13:22:21.375|  58.369|      3.143213e+00|            2.593885e-02|
|GRB131108862|10 26 00.2|+09 39 44|2013-11-08 20:41:55.759|  18.176|      3.226176e+00|            2.704462e-02|
|GRB160818230|10 54 24.0|+37 24 00|2016-08-18 05:30:53.542|   2.176|      3.250751e+00|            2.979893e-01|
|GRB150403913|20 46 00.5|-62 42 42|2015-04-03 21:54:10.952|  22.272|      3.273894e+00|            2.465521e-02|
|GRB170607946|16 26 38.6|-39 09 32|2017-06-07 22:41:58.947|  18.176|      3.278244e+00|            3.127025e-02|
|GRB131229277|05 40 55.8|-04 23 46|2013-12-29 06:39:24.483|  12.992|      3.288080e+00|            3.213333e-02|
|GRB100322045|01 25 16.8|-12 26 24|2010-03-22 01:05:09.643|  37.121|      3.301024e+00|            2.067440e-02|
|GRB120204054|19 30 19.2|-03 34 12|2012-02-04 01:17:07.832|  49.089|      3.303517e+00|            1.395339e-02|
|GRB160625945|20 34 23.3|+06 55 11|2016-06-25 22:40:16.275| 453.385|      3.305253e+00|            7.163680e-03|
|GRB141102536|13 54 27.4|-47 06 00|2014-11-02 12:51:39.263|   2.624|      3.347635e+00|            1.505631e-01|
|GRB170626401|11 01 39.4|+56 28 08|2017-06-26 09:37:21.954|  12.288|      3.356400e+00|            3.408150e-02|
|GRB110817191|22 24 09.6|-45 50 24|2011-08-17 04:35:12.120|   5.949|      3.374380e+00|            3.684505e-02|
|GRB120625119|03 25 02.4|+51 04 12|2012-06-25 02:50:46.037|   7.424|      3.426431e+00|            7.216415e-02|
|GRB141222298|11 52 09.6|-57 21 00|2014-12-22 07:08:57.398|   2.752|      3.434948e+00|            4.455201e-02|
|GRB151021791|06 57 21.6|-10 57 36|2015-10-21 18:59:28.923|   7.229|      3.448547e+00|            4.858235e-02|
|GRB130327350|14 32 21.6|-69 30 36|2013-03-27 08:24:04.051|  31.233|      3.450370e+00|            2.301552e-02|
|GRB110921912|01 11 52.8|-27 45 00|2011-09-21 21:52:45.092|  17.664|      3.452156e+00|            3.449827e-02|
|GRB130306991|18 37 55.2|-11 41 24|2013-03-06 23:47:25.569| 120.578|      3.452438e+00|            4.040058e-02|
|GRB081224887|13 26 48.0|+75 06 00|2008-12-24 21:17:55.414|  16.448|      3.458371e+00|            3.001705e-02|
|GRB100516369|18 17 38.4|-08 12 00|2010-05-16 08:50:41.063|   2.112|      3.489454e+00|            5.617557e-01|
|GRB080825593|15 36 00.0|-04 42 00|2008-08-25 14:13:48.105|  20.992|      3.518730e+00|            2.727406e-02|
|GRB150330828|21 57 02.4|+49 58 12|2015-03-30 19:52:21.265| 153.859|      3.529495e+00|            1.359630e-02|
|GRB160910722|14 45 46.1|+39 04 00|2016-09-10 17:19:39.154|  24.320|      3.532122e+00|            1.819201e-02|
|GRB100414097|12 48 26.9|+08 41 30|2010-04-14 02:20:21.986|  26.497|      3.532963e+00|            2.274786e-02|
|GRB100324172|02 38 41.3|-19 17 13|2010-03-24 04:07:36.487|  17.920|      3.537401e+00|            2.968193e-02|
|GRB150306993|00 02 31.2|-58 33 00|2015-03-06 23:49:39.824|  18.944|      3.537421e+00|            5.311646e-02|
|GRB160905471|10 48 58.8|-50 48 05|2016-09-05 11:18:55.912|  33.537|      3.539778e+00|            2.467931e-02|
|GRB140810782|07 56 09.6|+27 33 00|2014-08-10 18:46:10.086|  81.665|      3.543392e+00|            2.062625e-02|
|GRB091010113|19 54 40.6|-22 32 17|2009-10-10 02:43:09.321|   5.952|      3.564227e+00|            4.764949e-02|
|GRB100826957|18 56 00.0|-23 11 24|2010-08-26 22:58:22.898|  84.993|      3.595707e+00|            1.475919e-02|
|GRB111109873|08 39 55.2|+44 39 00|2011-11-09 20:57:16.657|   9.664|      3.640685e+00|            2.241830e-01|
|GRB120227725|17 06 55.2|-88 51 36|2012-02-27 17:24:41.054|  17.408|      3.650636e+00|            5.642803e-02|
|GRB170409112|23 10 19.2|-07 04 12|2017-04-09 02:42:00.490|  64.001|      3.662848e+00|            1.169828e-02|
|GRB150824079|11 10 12.0|-56 46 01|2015-08-24 01:53:31.764|  13.568|      3.686199e+00|            3.412358e-02|
|GRB101123952|09 00 38.4|+01 54 36|2010-11-23 22:51:34.973| 103.938|      3.694041e+00|            2.178225e-02|
|GRB100829876|06 01 38.2|+30 18 50|2010-08-29 21:02:08.990|   8.704|      3.740841e+00|            6.871407e-02|
|GRB110401920|17 54 14.4|+26 52 12|2011-04-01 22:04:19.633|   2.368|      3.742736e+00|            2.556633e-01|
|GRB120526303|04 25 07.2|-32 13 48|2012-05-26 07:16:40.770|  43.649|      3.781569e+00|            4.291913e-02|
|GRB140801792|02 56 16.4|+30 56 17|2014-08-01 18:59:53.257|   7.168|      3.800978e+00|            3.931453e-02|
|GRB170921168|08 49 30.0|+57 03 25|2017-09-21 04:02:11.511|  39.361|      3.819824e+00|            2.390338e-02|
|GRB170826819|21 50 48.0|-31 48 00|2017-08-26 19:38:56.479|  11.008|      3.876825e+00|            3.944942e-02|
|GRB150118409|16 00 57.6|-35 45 00|2015-01-18 09:48:17.774|  40.193|      3.895452e+00|            1.734404e-02|
|GRB120328268|15 12 33.6|+22 48 00|2012-03-28 06:26:20.953|  29.697|      3.960604e+00|            2.041784e-02|
|GRB170522657|09 17 21.6|+25 40 12|2017-05-22 15:45:35.282|   7.424|      4.027530e+00|            3.794593e-02|
|GRB110625881|19 06 55.2|+06 45 18|2011-06-25 21:08:18.236|  26.881|      4.093726e+00|            2.115590e-02|
|GRB160824598|04 52 26.4|+68 08 24|2016-08-24 14:21:12.938|   3.456|      4.174384e+00|            9.189929e-02|
|GRB090804940|08 41 36.0|-11 18 00|2009-08-04 22:33:20.019|   5.568|      4.208299e+00|            4.031600e-02|
|GRB101214748|00 02 45.6|-28 16 12|2010-12-14 17:57:03.972|   2.240|      4.249317e+00|            5.042091e-01|
|GRB140416060|02 21 38.4|+43 54 36|2014-04-16 01:26:40.939|  31.744|      4.265184e+00|            3.674766e-02|
|GRB180720598|00 02 06.7|-02 55 01|2018-07-20 14:21:39.654|  48.897|      4.279757e+00|            1.211345e-02|
|GRB110731465|18 42 01.0|-28 32 14|2011-07-31 11:09:29.954|   7.485|      4.382381e+00|            5.573654e-02|
|GRB081125496|02 50 48.0|-18 54 00|2008-11-25 11:53:39.003|   9.280|      4.428916e+00|            6.616666e-02|
|GRB150627183|07 49 57.6|-51 33 36|2015-06-27 04:23:23.681|  64.577|      4.485975e+00|            1.663834e-02|
|GRB110825102|02 59 35.0|+15 24 25|2011-08-25 02:26:50.938|  62.465|      4.508663e+00|            2.888239e-02|
|GRB090424592|12 38 00.0|+16 48 00|2009-04-24 14:12:08.665|  14.144|      4.532178e+00|            2.623846e-02|
|GRB180426549|13 29 38.4|+58 10 12|2018-04-26 13:11:00.846|  16.189|      4.547256e+00|            1.149548e-01|
|GRB141215560|11 56 13.4|-52 44 42|2014-12-15 13:26:15.754|  11.264|      4.564549e+00|            7.211798e-02|
|GRB130502327|04 27 02.9|+71 03 39|2013-05-02 07:51:11.761|  24.320|      4.612009e+00|            1.924905e-02|
|GRB180427442|18 53 19.2|+70 18 00|2018-04-27 10:37:03.044|  25.921|      4.616249e+00|            4.394789e-02|
|GRB160101030|14 38 36.2|-13 48 55|2016-01-01 00:43:53.610|   4.669|      4.668030e+00|            4.562581e-02|
|GRB120707800|19 24 14.4|-34 26 24|2012-07-07 19:12:17.429|  40.960|      4.685369e+00|            4.271549e-02|
|GRB180120207|10 07 04.8|+27 47 24|2018-01-20 04:58:13.000|  28.928|      4.687181e+00|            2.313523e-02|
|GRB090719063|22 45 04.8|-67 51 36|2009-07-19 01:31:26.612|  11.392|      4.716389e+00|            3.363439e-02|
|GRB100719989|07 33 12.0|+05 24 00|2010-07-19 23:44:04.129|  21.824|      4.830530e+00|            4.253493e-02|
|GRB120711115|06 18 45.6|-71 00 00|2012-07-11 02:44:53.294|  44.033|      4.832773e+00|            2.634828e-02|
|GRB140523129|08 53 12.0|+24 57 00|2014-05-23 03:05:57.625|  19.200|      4.896318e+00|            2.810629e-02|
|GRB090618353|19 35 57.6|+78 21 27|2009-06-18 08:28:26.659| 112.386|      4.920211e+00|            2.177244e-02|
|GRB160821857|11 24 59.5|+42 20 35|2016-08-21 20:34:30.039|  43.009|      5.043497e+00|            1.074819e-02|
|GRB140102887|14 07 40.6|+01 19 59|2014-01-02 21:17:37.811|   3.648|      5.099381e+00|            4.433168e-02|
|GRB180305393|03 18 48.0|+32 06 00|2018-03-05 09:26:08.661|  13.056|      5.197912e+00|            3.517311e-02|
|GRB130606497|14 34 17.8|-22 07 52|2013-06-06 11:55:33.631|  52.225|      5.396066e+00|            2.079720e-02|
|GRB150201574|00 47 19.8|-37 37 09|2015-02-01 13:46:55.152|  15.616|      5.526213e+00|            2.449095e-02|
|GRB150902733|14 19 42.2|-69 21 40|2015-09-02 17:35:39.366|  13.568|      5.631236e+00|            2.781957e-02|
|GRB131231198|00 42 21.6|-01 39 00|2013-12-31 04:45:16.083|  31.232|      5.661610e+00|            1.844087e-02|
|GRB160521385|09 52 40.8|+79 00 36|2016-05-21 09:13:58.029|   2.816|      5.990727e+00|            5.786960e-02|
|GRB160816730|21 29 38.6|+37 07 57|2016-08-16 17:30:57.975|  11.072|      6.161934e+00|            3.891112e-02|
|GRB110428388|00 21 12.0|+64 48 00|2011-04-28 09:18:30.406|   5.632|      6.308453e+00|            5.660269e-02|
|GRB170808936|09 42 38.4|+02 10 48|2017-08-08 22:27:43.098|  17.664|      6.393309e+00|            2.375608e-02|
|GRB150213001|06 21 09.6|-04 51 00|2015-02-13 00:01:48.704|   4.096|      6.494052e+00|            4.213282e-02|
|GRB081215784|08 22 24.0|+54 00 00|2008-12-15 18:48:36.846|   5.568|      6.563044e+00|            4.227891e-02|
|GRB171119992|09 02 02.4|-46 59 24|2017-11-19 23:48:27.172|  26.369|      6.572108e+00|            1.151764e-01|
|GRB131028076|03 47 48.0|+72 11 24|2013-10-28 01:49:02.346|  17.152|      6.836077e+00|            3.678556e-02|
|GRB180409346|11 52 43.2|+36 03 00|2018-04-09 08:18:18.670|  13.056|      7.169289e+00|            7.856364e-02|
|GRB151231443|04 22 31.2|-61 32 24|2015-12-31 10:37:47.522|  71.425|      7.188579e+00|            6.238167e-02|
|GRB130704560|04 22 14.4|-14 27 36|2013-07-04 13:26:07.253|   6.400|      7.283748e+00|            5.113286e-02|
|GRB160422499|02 45 02.4|-58 13 12|2016-04-22 11:59:00.807|  12.288|      7.311966e+00|            3.020404e-02|
|GRB090926181|23 33 36.2|-66 19 26|2009-09-26 04:20:26.987|  13.760|      7.444388e+00|            2.489763e-02|
|GRB180113418|11 38 31.2|-64 44 24|2018-01-13 10:02:05.407|  24.576|      7.604671e+00|            2.592811e-02|
|GRB161218356|23 54 33.6|-16 57 00|2016-12-18 08:32:40.647|  25.857|      7.906643e+00|            3.190385e-02|
|GRB171227000|18 42 45.6|-35 01 48|2017-12-27 00:00:13.402|  37.633|      8.060050e+00|            3.842703e-02|
|GRB160530667|08 53 55.2|+43 28 48|2016-05-30 16:01:11.828|   9.024|      8.200317e+00|            3.065630e-02|
|GRB120426090|07 26 08.9|-65 37 52|2012-04-26 02:09:14.331|   2.688|      8.945647e+00|            7.818678e-02|
|GRB171010792|04 26 19.4|-10 27 48|2017-10-10 19:00:50.576| 107.266|      9.318544e+00|            1.658961e-02|
|GRB110301214|15 17 24.0|+29 24 00|2011-03-01 05:08:43.070|   5.693|      9.721373e+00|            5.788983e-02|
|GRB160802259|02 21 09.6|+72 41 24|2016-08-02 06:13:29.633|  16.384|      9.825794e+00|            7.716507e-02|
|GRB130427324|11 32 32.6|+27 42 46|2013-04-27 07:47:06.420| 138.242|      9.847453e+00|            1.190627e-02|
|GRB090902462|17 39 45.4|+27 19 28|2009-09-02 11:05:08.313|  19.328|      9.958863e+00|            2.839457e-02|
|GRB180218635|03 08 55.2|+46 39 00|2018-02-18 15:14:05.488|   5.632|      9.974617e+00|            1.119440e-01|
|GRB121122885|02 55 26.4|+48 10 12|2012-11-22 21:14:52.546|   7.936|      1.016520e+01|            1.421518e-01|
|GRB140329295|09 42 47.5|-32 13 44|2014-03-29 07:04:38.330|  21.248|      1.036179e+01|            5.582109e-02|
|GRB150314205|08 26 40.8|+63 50 03|2015-03-14 04:54:50.854|  10.688|      1.036323e+01|            5.541014e-02|
|GRB090820027|05 50 48.0|+27 03 36|2009-08-20 00:38:16.189|  12.416|      1.179651e+01|            4.383451e-02|
|GRB120129580|02 01 45.6|+59 16 55|2012-01-29 13:55:46.244|   3.072|      1.393829e+01|            1.115166e-01|
|GRB141022087|07 57 33.6|-75 10 12|2014-10-22 02:04:40.214|   9.216|      1.733153e+01|            1.269897e-01|
|GRB131014215|06 42 00.0|-19 06 00|2013-10-14 05:09:00.202|   3.200|      2.066933e+01|            5.889084e-02|
